Municipio,Codigo,IDHM,PIB_cap,Pop,area,densidade2021,let,Risco,dose1,dose2,reforco,Idade_mediana
ADAMANTINA,350010,0.79,3.096266,35153,411.987,0.8532550784369409,0.02729528535980149,0.11662531017369727,NA,NA,NA,42
ADOLFO,350020,0.73,2.586775,3545,211.055,0.16796569614555448,0.034482758620689655,0.22413793103448276,NA,NA,NA,42
AGUAÍ,350030,0.715,2.804103,36981,474.554,0.7792790704535206,0.02857142857142857,0.1492063492063492,NA,NA,NA,38
ÁGUAS DA PRATA,350040,0.781,2.068388,8262,142.673,0.5790864424242849,0.06349206349206349,0.19047619047619047,NA,NA,NA,52
ÁGUAS DE LINDÓIA,350050,0.745,2.642734,18908,60.126,3.1447294015899945,0.03409090909090909,0.17613636363636365,NA,NA,NA,44
ÁGUAS DE SANTA BÁRBARA,350055,0.757,2.762094,6142,404.463,0.1518556703579808,0.043478260869565216,0.13043478260869565,NA,NA,NA,40
ÁGUAS DE SÃO PEDRO,350060,0.854,4.02209,3588,3.612,9.933554817275747,0.017543859649122806,0.17543859649122806,NA,NA,NA,42
AGUDOS,350070,0.745,5.951301,37582,966.708,0.38876268738853925,0.0203527815468114,0.2808683853459973,NA,NA,NA,39
ALAMBARI,350075,0.712,1.698163,6231,159.6,0.3904135338345865,0.04938271604938271,0.12345679012345678,NA,NA,NA,32
ALFREDO MARCONDES,350080,0.741,2.0104349999999998,4201,118.915,0.3532775511920279,0.05172413793103448,0.15517241379310345,NA,NA,NA,52.5
ALTAIR,350090,0.687,2.584248,4211,313.007,0.13453373247243672,0.043478260869565216,0.30434782608695654,NA,NA,NA,47.5
ALTINÓPOLIS,350100,0.73,3.0792080000000004,16221,928.956,0.17461537467867153,0.035398230088495575,0.18584070796460178,NA,NA,NA,43
ALTO ALEGRE,350110,0.7,2.6207290000000003,4078,318.574,0.1280079353619567,0.04285714285714286,0.14285714285714285,NA,NA,NA,39
ALUMÍNIO,350115,0.766,11.388793,18903,83.66,2.2595027492230457,0.034220532319391636,0.1482889733840304,NA,NA,NA,40
ÁLVARES FLORENCE,350120,0.728,3.22457,3616,362.411,0.09977622092044668,0.07692307692307693,0.3076923076923077,NA,NA,NA,47
ÁLVARES MACHADO,350130,0.758,2.137406,25078,347.647,0.7213639122443167,0.03461538461538462,0.19230769230769232,NA,NA,NA,42.5
ÁLVARO DE CARVALHO,350140,0.688,0.963245,5320,153.662,0.34621441865913494,0.2,0.3,NA,NA,NA,35.5
ALVINLÂNDIA,350150,0.722,1.619038,3251,84.879,0.383015822523828,0,0,NA,NA,NA,33
AMERICANA,350160,0.811,4.779348000000001,244370,133.912,18.248551287412628,0.031708211143695014,0.1526759530791789,NA,NA,NA,41
AMÉRICO BRASILIENSE,350170,0.751,2.4008700000000003,41545,122.958,3.378796011646253,0.01951951951951952,0.25675675675675674,NA,NA,NA,37
AMÉRICO DE CAMPOS,350180,0.745,1.976704,5993,252.876,0.23699362533415588,0.03481012658227848,0.1962025316455696,NA,NA,NA,43
AMPARO,350190,0.785,6.480487999999999,73145,445.323,1.64251565717468,0.02702702702702703,0.16052416052416052,NA,NA,NA,40
ANALÂNDIA,350200,0.754,3.729853,5115,325.953,0.15692446457004539,0.05263157894736842,0.10526315789473684,NA,NA,NA,40
ANDRADINA,350210,0.779,3.366169,57245,964.226,0.5936886165691446,0.036593947923997186,0.22167487684729065,NA,NA,NA,40
ANGATUBA,350220,0.719,4.038656,25724,1027.288,0.250406896605431,0.02875399361022364,0.24600638977635783,NA,NA,NA,38
ANHEMBI,350230,0.721,2.714444,6911,736.557,0.0938284477643957,0,0.09090909090909091,NA,NA,NA,38
ANHUMAS,350240,0.741,1.831706,4172,320.84,0.13003366163819974,0,0.14736842105263157,NA,NA,NA,39
APARECIDA,350250,0.755,2.9969650000000003,36211,120.89,2.9953676896352057,0.03305785123966942,0.16322314049586778,NA,NA,NA,42
APARECIDA D'OESTE,350260,0.721,3.036595,4122,179.004,0.23027418381712142,0.046511627906976744,0.18023255813953487,NA,NA,NA,41
APIAÍ,350270,0.71,2.4247229999999997,24081,974.322,0.24715648420132155,0.031446540880503145,0.1761006289308176,NA,NA,NA,41
ARAÇARIGUAMA,350275,0.704,14.966866,23343,145.204,1.6076003415883857,0.020887728459530026,0.2245430809399478,NA,NA,NA,38
ARAÇATUBA,350280,0.788,3.7521169999999997,199210,1167.126,1.7068422775261627,0.024357641467399375,0.1344125946829051,NA,NA,NA,41
ARAÇOIABA DA SERRA,350290,0.776,2.573156,35389,255.327,1.3860265463503663,0.023961661341853034,0.10702875399361023,NA,NA,NA,40
ARAMINA,350300,0.74,2.2669330000000003,5689,202.829,0.2804825739908987,0.04310344827586207,0.11206896551724138,NA,NA,NA,42.5
ARANDU,350310,0.685,1.852228,6373,285.908,0.22290387117534313,0.0625,0.2916666666666667,NA,NA,NA,39.5
ARAPEÍ,350315,0.68,1.239056,2452,156.903,0.1562748959548256,0.14285714285714285,0.42857142857142855,NA,NA,NA,50
ARARAQUARA,350320,0.815,4.025393,240542,1003.625,2.3967318470544274,0.012380759082606049,0.16297950071037143,NA,NA,NA,38
ARARAS,350330,0.781,4.186392,136739,644.831,2.1205401105095754,0.019646854016413827,0.14374533698085054,NA,NA,NA,41
ARCO ÍRIS,350335,0.722,2.927395,1755,264.904,0.06625041524476791,0,0.1111111111111111,NA,NA,NA,29
AREALVA,350340,0.744,2.713555,8665,506.226,0.1711686084871184,0.017241379310344827,0.08620689655172414,NA,NA,NA,38.5
AREIAS,350350,0.697,1.112684,3906,305.227,0.12797033027877613,0,0.018867924528301886,NA,NA,NA,41
AREIÓPOLIS,350360,0.695,1.2884229999999999,11186,85.907,1.3021057655371506,0.032520325203252036,0.14634146341463414,NA,NA,NA,33
ARIRANHA,350370,0.733,7.610811999999999,9851,132.624,0.7427765713596333,0.03932584269662921,0.3258426966292135,NA,NA,NA,44
ARTUR NOGUEIRA,350380,0.749,2.215659,56247,178.026,3.159482322806781,0.026022304832713755,0.12825278810408922,NA,NA,NA,39.5
ARUJÁ,350390,0.784,6.958809,92453,96.167,9.613796832593302,0.04747774480712166,0.1582591493570722,NA,NA,NA,41
ASPÁSIA,350395,0.735,1.9290580000000002,1815,69.373,0.2616291640840096,0.02127659574468085,0.2553191489361702,NA,NA,NA,37
ASSIS,350400,0.805,3.244396,105768,460.609,2.2962642935765474,0.01910828025477707,0.1408351026185421,NA,NA,NA,41
ATIBAIA,350410,0.765,5.049862,145378,478.521,3.038069384624708,0.030303030303030304,0.15702479338842976,NA,NA,NA,41
AURIFLAMA,350420,0.773,2.015543,15316,434.498,0.3524987456789214,0.027707808564231738,0.20654911838790932,NA,NA,NA,42
AVAÍ,350430,0.714,5.064408,5467,540.689,0.10111172966344795,0.018867924528301886,0.2641509433962264,NA,NA,NA,44
AVANHANDAVA,350440,0.705,2.378213,14063,338.37,0.41561013092177207,0.018433179723502304,0.06451612903225806,NA,NA,NA,34
AVARÉ,350450,0.767,3.0391619999999997,91792,1213.055,0.7567010564236576,0.02346805736636245,0.09778357235984354,NA,NA,NA,39
BADY BASSITT,350460,0.746,2.050481,18013,110.372,1.6320262385387598,0.023755656108597284,0.1832579185520362,NA,NA,NA,38.5
BALBINOS,350470,0.669,1.040542,6127,91.635,0.6686309816118294,0.02912621359223301,0.1553398058252427,NA,NA,NA,36
BÁLSAMO,350480,0.756,2.257502,9209,149.881,0.6144207738138924,0.04690431519699812,0.2176360225140713,NA,NA,NA,43
BANANAL,350490,0.733,1.693775,11039,616.429,0.17907982914496237,0.007194244604316547,0.04316546762589928,NA,NA,NA,41
BARÃO DE ANTONINA,350500,0.711,1.54826,3525,153.142,0.23017852711862194,0.045454545454545456,0.18181818181818182,NA,NA,NA,41.5
BARBOSA,350510,0.699,1.2939479999999999,7532,205.212,0.3670350661754674,0.009174311926605505,0.10091743119266056,NA,NA,NA,40
BARIRI,350520,0.75,3.318553,35844,444.405,0.8065615823404327,0.024752475247524754,0.13564356435643565,NA,NA,NA,40
BARRA BONITA,350530,0.788,3.550064,36125,150.121,2.406392176977238,0.02577319587628866,0.1865979381443299,NA,NA,NA,41
BARRA DO CHAPÉU,350535,0.66,1.4278540000000002,5794,405.681,0.14282157655892191,0,0.1346153846153846,NA,NA,NA,39
BARRA DO TURVO,350540,0.641,1.184074,7606,1007.684,0.07548001159093526,0.031746031746031744,0.1111111111111111,NA,NA,NA,39
BARRETOS,350550,0.789,4.004622,123546,1566.161,0.7888461020291017,0.033200531208499334,0.15338645418326693,NA,NA,NA,39
BARRINHA,350560,0.725,1.5960290000000001,33537,146.025,2.2966615305598355,0.03778040141676505,0.15938606847697756,NA,NA,NA,39
BARUERI,350570,0.786,18.638233,279704,65.701,42.57225917413738,0.05530216647662486,0.17559863169897377,NA,NA,NA,41
BASTOS,350580,0.751,4.579198,20952,170.912,1.2258940273357049,0.04032258064516129,0.18548387096774194,NA,NA,NA,41
BATATAIS,350590,0.761,2.563634,63438,849.526,0.7467458323818223,0.04985337243401759,0.21407624633431085,NA,NA,NA,42
BAURU,350600,0.801,3.912144,381706,667.684,5.716866062388794,0.01998375304630382,0.1419983753046304,NA,NA,NA,39
BEBEDOURO,350610,0.78,4.319116999999999,77612,683.192,1.1360203281068866,0.03391107761868877,0.11981914091936699,NA,NA,NA,40
BENTO DE ABREU,350620,0.744,5.669961,3028,301.687,0.10036892540944754,0,0.34210526315789475,NA,NA,NA,36
BERNARDINO DE CAMPOS,350630,0.734,1.9777189999999998,11168,244.158,0.45740872713570724,0.02702702702702703,0.13513513513513514,NA,NA,NA,38
BERTIOGA,350635,0.73,2.738429,66154,491.546,1.345835384684241,0.02509147935180345,0.1228437009932044,NA,NA,NA,40
BILAC,350640,0.768,2.428498,8197,158.025,0.5187153931339978,0.021052631578947368,0.11578947368421053,NA,NA,NA,39
BIRIGUI,350650,0.78,2.7268689999999998,126094,530.031,2.378992926828808,0.03568464730290456,0.1887966804979253,NA,NA,NA,41
BIRITIBA MIRIM,350660,0.712,2.1320349999999997,33265,317.406,1.0480268173884553,0.06378132118451026,0.14350797266514806,NA,NA,NA,40
BOA ESPERANÇA DO SUL,350670,0.681,2.087723,15111,690.748,0.2187628483904405,0.03225806451612903,0.14516129032258066,NA,NA,NA,40
BOCAINA,350680,0.742,1.7819209999999999,12571,363.926,0.3454273671021032,0.021897810218978103,0.13138686131386862,NA,NA,NA,41
BOFETE,350690,0.705,1.6223,12107,653.541,0.1852523407100702,0.026490066225165563,0.11258278145695365,NA,NA,NA,40
BOITUVA,350700,0.78,3.982936,63310,248.954,2.543040079693437,0.019945602901178604,0.07796917497733455,NA,NA,NA,39
BOM JESUS DOS PERDÕES,350710,0.713,3.6485980000000002,26506,108.366,2.4459701382352397,0.008695652173913044,0.06376811594202898,NA,NA,NA,39
BOM SUCESSO DE ITARARÉ,350715,0.66,1.597241,4013,133.578,0.3004237224692689,0.1111111111111111,0.2222222222222222,NA,NA,NA,38
BORÁ,350720,0.746,8.479614999999999,839,118.951,0.07053324478146464,0,0.2,NA,NA,NA,44
BORACÉIA,350730,0.754,8.022855,4913,122.11,0.4023421505200229,0.01,0.19,NA,NA,NA,37.5
BORBOREMA,350740,0.73,2.337491,16278,552.256,0.2947546065592769,0.02459016393442623,0.29508196721311475,NA,NA,NA,44.5
BOREBI,350745,0.705,2.490582,2713,347.989,0.0779622344384449,0.02702702702702703,0.10810810810810811,NA,NA,NA,38
BOTUCATU,350750,0.8,3.1925209999999997,149718,1482.642,1.0098054688859481,0.02053388090349076,0.15811088295687886,NA,NA,NA,37
BRAGANÇA PAULISTA,350760,0.776,3.7813449999999995,172346,512.584,3.3622976916954106,0.022034332564693827,0.08916218293620293,NA,NA,NA,40
BRAÚNA,350770,0.737,1.743566,5795,195.176,0.2969115055129729,0.07,0.13,NA,NA,NA,43
BREJO ALEGRE,350775,0.71,2.927106,2911,105.689,0.2754307449214204,0.05063291139240506,0.20253164556962025,NA,NA,NA,39
BRODOWSKI,350780,0.755,2.720314,25605,278.458,0.9195282591988737,0.040229885057471264,0.1685823754789272,NA,NA,NA,40
BROTAS,350790,0.74,2.7225669999999997,24862,1101.373,0.2257364217208884,0.028985507246376812,0.15942028985507245,NA,NA,NA,36
BURI,350800,0.667,2.090586,20050,1196.462,0.16757740738945323,0.03257328990228013,0.14006514657980457,NA,NA,NA,34
BURITAMA,350810,0.763,3.7385309999999996,17414,326.921,0.5326669134133323,0.04105571847507331,0.21114369501466276,NA,NA,NA,40
BURITIZAL,350820,0.735,4.001923000000001,4547,266.42,0.1706703700923354,0.05555555555555555,0.125,NA,NA,NA,38
CABRÁLIA PAULISTA,350830,0.694,1.9260490000000001,4222,239.974,0.17593572637035682,0,0.12121212121212122,NA,NA,NA,37
CABREÚVA,350840,0.738,9.551816,51130,260.234,1.9647701683869137,0.03434178250204415,0.14799672935404742,NA,NA,NA,40
CAÇAPAVA,350850,0.788,4.61925,95752,368.99,2.59497547359007,0.03945666235446313,0.12354463130659767,NA,NA,NA,40
CACHOEIRA PAULISTA,350860,0.764,1.8401779999999999,33827,287.99,1.1745893954651203,0.04032258064516129,0.21505376344086022,NA,NA,NA,40
CACONDE,350870,0.72,1.884616,19031,468.214,0.40645943948707214,0.007575757575757576,0.10606060606060606,NA,NA,NA,38
CAFELÂNDIA,350880,0.742,2.855067,17917,920.28,0.194690746294606,0.0275,0.125,NA,NA,NA,35.5
CAIABU,350890,0.729,1.389364,4195,253.352,0.16557990463860559,0.05405405405405406,0.1891891891891892,NA,NA,NA,47
CAIEIRAS,350900,0.781,3.5517309999999997,104044,97.642,10.655660473976363,0.04581850533807829,0.1423487544483986,NA,NA,NA,40
CAIUÁ,350910,0.697,1.3036290000000001,6017,551.159,0.10916994914353209,0.01639344262295082,0.36065573770491804,NA,NA,NA,38
CAJAMAR,350920,0.728,22.435959,79034,131.386,6.015404989877156,0.04878048780487805,0.15071919949968732,NA,NA,NA,40
CAJATI,350925,0.694,5.077698000000001,28441,454.436,0.6258527053314438,0.020654044750430294,0.08089500860585198,NA,NA,NA,39
CAJOBI,350930,0.734,1.487372,10649,176.929,0.6018798501093658,0.02654867256637168,0.16371681415929204,NA,NA,NA,40
CAJURU,350940,0.713,2.206152,26613,660.088,0.4031735162584383,0.023952095808383235,0.09181636726546906,NA,NA,NA,36
CAMPINA DO MONTE ALEGRE,350945,0.717,1.8135709999999998,6088,184.479,0.3300104618953919,0,0.26506024096385544,NA,NA,NA,39
CAMPINAS,350950,0.805,5.141744,1223237,794.571,15.394936387056662,0.04056124748370039,0.2024456929964246,NA,NA,NA,41
CAMPO LIMPO PAULISTA,350960,0.769,2.521106,86407,79.403,10.882082540961928,0.04956896551724138,0.14367816091954022,NA,NA,NA,40
CAMPOS DO JORDÃO,350970,0.749,2.410748,52713,289.981,1.8178087529872646,0.033106134371957155,0.1450827653359299,NA,NA,NA,40
CAMPOS NOVOS PAULISTA,350980,0.706,2.8746560000000003,5028,484.199,0.10384160231640296,0.01904761904761905,0.09523809523809523,NA,NA,NA,44
CANANÉIA,350990,0.72,2.397774,12542,1237.354,0.10136145355330811,0.0392156862745098,0.2107843137254902,NA,NA,NA,43
CANAS,350995,0.704,2.062306,5268,53.261,0.9890914552862319,0.03773584905660377,0.2830188679245283,NA,NA,NA,45
CÂNDIDO MOTA,351000,0.747,3.73726,31410,595.811,0.5271805992168658,0.020114942528735632,0.13793103448275862,NA,NA,NA,39.5
CÂNDIDO RODRIGUES,351010,0.789,3.591703,2805,70.892,0.39567229024431533,0.02127659574468085,0.2127659574468085,NA,NA,NA,44
CANITAR,351015,0.68,3.671302,5365,57.459,0.9337092535547085,0.018518518518518517,0.1111111111111111,NA,NA,NA,34
CAPÃO BONITO,351020,0.721,1.9221419999999998,47098,1640.23,0.28714265682251877,0.028694404591104734,0.09182209469153516,NA,NA,NA,38
CAPELA DO ALTO,351030,0.699,1.334401,21257,169.89,1.251221378539055,0.028368794326241134,0.1347517730496454,NA,NA,NA,39
CAPIVARI,351040,0.75,3.7353400000000003,56973,322.878,1.7645364503001133,0.026296566837107377,0.13951789627465302,NA,NA,NA,38
CARAGUATATUBA,351050,0.759,2.780288,125194,484.947,2.581601700804418,0.044488188976377956,0.16614173228346457,NA,NA,NA,41
CARAPICUÍBA,351060,0.749,1.441333,405375,34.546,117.34354194407457,0.04968405402056746,0.17531904348903482,NA,NA,NA,41
CARDOSO,351070,0.722,2.077049,12371,639.248,0.19352426601256476,0.04216867469879518,0.22289156626506024,NA,NA,NA,44
CASA BRANCA,351080,0.73,2.748844,30655,864.225,0.3547108681188348,0.02032520325203252,0.12195121951219512,NA,NA,NA,37
CÁSSIA DOS COQUEIROS,351090,0.734,5.858194,2488,191.683,0.12979763463635272,0,0.13846153846153847,NA,NA,NA,40
CASTILHO,351100,0.731,4.170815,21521,1065.318,0.2020147974595379,0.017467248908296942,0.08951965065502183,NA,NA,NA,35
CATANDUVA,351110,0.785,3.461118,123114,290.596,4.236603394403226,0.03519895059029296,0.16222125054656755,NA,NA,NA,40
CATIGUÁ,351120,0.751,1.507911,7905,148.393,0.5327070683927139,0.026845637583892617,0.2953020134228188,NA,NA,NA,44
CEDRAL,351130,0.766,3.4238370000000002,9452,197.838,0.47776463571204725,0.03862660944206009,0.15021459227467812,NA,NA,NA,39
CERQUEIRA CÉSAR,351140,0.729,3.060521,20391,511.621,0.3985567441524097,0.03680981595092025,0.11042944785276074,NA,NA,NA,40
CERQUILHO,351150,0.782,3.8133410000000003,50631,127.803,3.9616440928616696,0.022008253094910592,0.1279229711141678,NA,NA,NA,39
CESÁRIO LANGE,351160,0.706,2.412803,18595,190.392,0.9766691877809993,0.029239766081871343,0.10526315789473684,NA,NA,NA,35
CHARQUEADA,351170,0.736,2.080695,17539,175.846,0.9974068218782344,0.022727272727272728,0.16761363636363635,NA,NA,NA,38.5
CHAVANTES,355720,0.729,1.670608,12418,188.727,0.6579874633730202,0.018867924528301886,0.12264150943396226,NA,NA,NA,38
CLEMENTINA,351190,0.725,2.594535,8894,168.59,0.5275520493504953,0.00684931506849315,0.11643835616438356,NA,NA,NA,37.5
COLINA,351200,0.757,6.021814,18601,422.303,0.4404657319507557,0.049019607843137254,0.14705882352941177,NA,NA,NA,39
COLÔMBIA,351210,0.71,5.320743,6223,728.648,0.08540474961847147,0.018867924528301886,0.12264150943396226,NA,NA,NA,36
CONCHAL,351220,0.708,2.488449,28491,182.793,1.5586483071014754,0.03571428571428571,0.13169642857142858,NA,NA,NA,38
CONCHAS,351230,0.736,1.9830729999999999,18138,466.12,0.3891272633656569,0.031141868512110725,0.10034602076124567,NA,NA,NA,37
CORDEIRÓPOLIS,351240,0.758,11.651963,25116,137.579,1.8255693092695833,0.014360313315926894,0.0835509138381201,NA,NA,NA,36
COROADOS,351250,0.719,2.7648490000000003,6197,246.825,0.25106857084979234,0.016666666666666666,0.058333333333333334,NA,NA,NA,43
CORONEL MACEDO,351260,0.69,1.625872,4591,303.83,0.15110423592140343,0.058823529411764705,0.23529411764705882,NA,NA,NA,34.5
CORUMBATAÍ,351270,0.754,6.141868,4072,278.622,0.1461478275225933,0.015151515151515152,0.14393939393939395,NA,NA,NA,41
COSMÓPOLIS,351280,0.769,2.2410360000000003,74662,154.665,4.8273365014709215,0.024818401937046004,0.13196125907990314,NA,NA,NA,40
COSMORAMA,351290,0.722,4.591253,7289,441.68,0.16502898025719978,0.07241379310344828,0.2655172413793103,NA,NA,NA,43
COTIA,351300,0.78,5.122548999999999,257882,323.994,7.959468385217009,0.04959443800695249,0.1413673232908459,NA,NA,NA,41
CRAVINHOS,351310,0.756,3.4165629999999996,35858,311.423,1.1514242685993006,0.08823529411764706,0.4090909090909091,NA,NA,NA,46
CRISTAIS PAULISTA,351320,0.734,2.26171,8803,385.23,0.22851283648729329,0,0.09433962264150944,NA,NA,NA,38
CRUZÁLIA,351330,0.774,4.977812999999999,2021,149.33,0.13533784236255272,0,0.13636363636363635,NA,NA,NA,34.5
CRUZEIRO,351340,0.788,2.974319,82895,305.699,2.7116542743025,0.04151838671411625,0.10083036773428232,NA,NA,NA,41
CUBATÃO,351350,0.737,10.159709,132521,142.879,9.275050917209668,0.031710079275198186,0.16324219381977026,NA,NA,NA,41
CUNHA,351360,0.684,1.197143,21373,1407.25,0.1518777758038728,0.021505376344086023,0.27956989247311825,NA,NA,NA,41
DESCALVADO,351370,0.76,4.73278,34097,753.706,0.452391250699875,0.01486988847583643,0.18587360594795538,NA,NA,NA,37.5
DIADEMA,351380,0.757,3.485575,429550,30.732,139.77287517896656,0.05405714285714286,0.24342857142857144,NA,NA,NA,41
DIRCE REIS,351385,0.741,3.213362,1805,88.133,0.20480410288995043,0,0.08333333333333333,NA,NA,NA,44
DIVINOLÂNDIA,351390,0.734,2.494084,11027,223.749,0.49282901823024905,0.03787878787878788,0.08333333333333333,NA,NA,NA,40
DOBRADA,351400,0.718,1.304555,9088,149.729,0.6069632469327919,0.008771929824561403,0.10526315789473684,NA,NA,NA,39.5
DOIS CÓRREGOS,351410,0.725,2.389669,27704,632.972,0.4376812876398956,0.016286644951140065,0.11074918566775244,NA,NA,NA,36
DOLCINÓPOLIS,351420,0.742,2.184564,2108,77.939,0.27046793004785796,0.07246376811594203,0.2608695652173913,NA,NA,NA,48
DOURADO,351430,0.738,7.072394999999999,8883,205.874,0.431477505658801,0.018867924528301886,0.16981132075471697,NA,NA,NA,38.5
DRACENA,351440,0.776,2.577984,47287,487.688,0.9696158199504602,0.03284258210645526,0.12570781426953567,NA,NA,NA,39
DUARTINA,351450,0.748,1.9047830000000001,12421,264.557,0.46950184648298854,0.01893939393939394,0.07575757575757576,NA,NA,NA,40
DUMONT,351460,0.744,2.358784,10174,111.376,0.9134822582962218,0.00998003992015968,0.19760479041916168,NA,NA,NA,40
ECHAPORÃ,351470,0.745,2.042697,6026,515.258,0.1169511196332711,0.03333333333333333,0.16666666666666666,NA,NA,NA,38.5
ELDORADO,351480,0.691,2.079532,15592,1654.256,0.09425385188265903,0.021671826625386997,0.04953560371517028,NA,NA,NA,38
ELIAS FAUSTO,351490,0.695,4.014454,18095,202.36,0.8941984581933188,0.025036818851251842,0.101620029455081,NA,NA,NA,39
ELISIÁRIO,351492,0.747,1.7685,3742,93.98,0.3981698233666737,0.022222222222222223,0.14814814814814814,NA,NA,NA,40
EMBAÚBA,351495,0.73,2.123883,2446,83.129,0.2942414801092278,0.01818181818181818,0.10909090909090909,NA,NA,NA,38
EMBU DAS ARTES,351500,0.735,4.891466,279264,70.398,39.66930878718146,0.05755782678859602,0.1810112963959118,NA,NA,NA,40
EMBU GUAÇU,351510,0.749,1.629333,70402,155.641,4.523358241080436,0.0407843137254902,0.17647058823529413,NA,NA,NA,39
EMILIANÓPOLIS,351512,0.727,1.9284,3238,225.167,0.14380437630736298,0.03508771929824561,0.15789473684210525,NA,NA,NA,45
ENGENHEIRO COELHO,351515,0.732,3.270136,21712,109.941,1.974877434260194,0.024553571428571428,0.1796875,NA,NA,NA,36
ESPÍRITO SANTO DO PINHAL,351518,0.787,3.243636,44607,389.235,1.1460171875602143,0.022702702702702703,0.16864864864864865,NA,NA,NA,39
ESPÍRITO SANTO DO TURVO,351519,0.696,1.646612,4926,193.666,0.25435543667964433,0,0.11320754716981132,NA,NA,NA,39
ESTIVA GERBI,355730,0.74,2.988347,11507,74.144,1.5519799309451876,0.03067484662576687,0.2331288343558282,NA,NA,NA,41
ESTRELA D'OESTE,351520,0.76,7.437784,8420,296.281,0.2841896712917804,0.026052104208416832,0.20641282565130262,NA,NA,NA,43
ESTRELA DO NORTE,351530,0.74,1.8316560000000002,2774,264.987,0.10468438074320627,0.044444444444444446,0.3111111111111111,NA,NA,NA,46
EUCLIDES DA CUNHA PAULISTA,351535,0.704,1.689329,9280,573.894,0.16170233527445835,0.06,0.26,NA,NA,NA,44.5
FARTURA,351540,0.732,2.316282,16102,429.171,0.3751884446991992,0.017391304347826087,0.11304347826086956,NA,NA,NA,39
FERNANDO PRESTES,351560,0.758,3.3167169999999997,5805,169.99,0.341490675922113,0.02142857142857143,0.19285714285714287,NA,NA,NA,36
FERNANDÓPOLIS,351550,0.797,2.914874,69680,549.797,1.2673768681895317,0.02055045871559633,0.1493577981651376,NA,NA,NA,41
FERNÃO,351565,0.703,2.935998,1739,100.504,0.17302793918650003,0,0.18181818181818182,NA,NA,NA,48
FERRAZ DE VASCONCELOS,351570,0.738,1.634403,198661,29.564,67.196928697064,0.03728330562811684,0.16813108525290904,NA,NA,NA,41
FLORA RICA,351580,0.727,2.532916,1397,224.711,0.062168741183119644,0.04,0.16,NA,NA,NA,44
FLOREAL,351590,0.747,2.180607,2884,204.236,0.1412091893691612,0.023255813953488372,0.16279069767441862,NA,NA,NA,39
FLÓRIDA PAULISTA,351600,0.715,1.4264370000000002,14936,524.138,0.28496312039958943,0.01639344262295082,0.14754098360655737,NA,NA,NA,44
FLORÍNEA,351610,0.713,5.042289,2631,225.886,0.11647468191919819,0.05555555555555555,0.1111111111111111,NA,NA,NA,32
FRANCA,351620,0.78,2.8518779999999997,358539,605.679,5.919620789229939,0.032764269701672705,0.12588377306432144,NA,NA,NA,41
FRANCISCO MORATO,351630,0.703,0.8719399999999999,179372,49.001,36.60578355543765,0.05422919508867667,0.16166439290586632,NA,NA,NA,39
FRANCO DA ROCHA,351640,0.731,1.965005,158438,132.775,11.932818678215027,0.04449217551396134,0.12549861920834612,NA,NA,NA,39
GABRIEL MONTEIRO,351650,0.763,2.669971,2776,138.681,0.2001716168761402,0.16,0.2,NA,NA,NA,44
GÁLIA,351660,0.709,2.164397,6419,355.914,0.18035255707839537,0.06896551724137931,0.3275862068965517,NA,NA,NA,45.5
GARÇA,351670,0.769,2.687437,44429,555.807,0.799360209569149,0.025899280575539568,0.08489208633093526,NA,NA,NA,38
GASTÃO VIDIGAL,351680,0.723,1.6095700000000002,4911,180.569,0.2719735945815727,0.13953488372093023,0.3372093023255814,NA,NA,NA,54
GAVIÃO PEIXOTO,351685,0.719,18.628772,4841,243.766,0.19859209241649778,0.004694835680751174,0.11267605633802817,NA,NA,NA,32
GENERAL SALGADO,351690,0.747,2.284877,10855,494.376,0.21956972021295534,0.009708737864077669,0.22330097087378642,NA,NA,NA,43
GETULINA,351700,0.717,1.6284530000000002,11485,676.755,0.16970691018167577,0.005263157894736842,0.1736842105263158,NA,NA,NA,35.5
GLICÉRIO,351710,0.735,2.114262,4842,272.8,0.17749266862170088,0.0392156862745098,0.21568627450980393,NA,NA,NA,37
GUAIÇARA,351720,0.739,1.629889,12416,277.154,0.4479819883530456,0.009671179883945842,0.172147001934236,NA,NA,NA,33
GUAIMBÊ,351730,0.728,1.316382,5806,217.811,0.26656137660632384,0.05263157894736842,0.14035087719298245,NA,NA,NA,36
GUAÍRA,351740,0.753,8.016983999999999,41283,1258.465,0.3280424962156278,0.03424657534246575,0.14726027397260275,NA,NA,NA,42
GUAPIAÇU,351750,0.725,2.600859,22087,325.126,0.679336626415605,0.03322615219721329,0.27009646302250806,NA,NA,NA,41
GUAPIARA,351760,0.675,1.887432,16896,408.292,0.41382148070498564,0.07633587786259542,0.22137404580152673,NA,NA,NA,43
GUARÁ,351770,0.718,2.080461,21394,362.183,0.5906958636932158,0.04225352112676056,0.30784708249496984,NA,NA,NA,40
GUARAÇAÍ,351780,0.719,3.27704,8258,569.197,0.14508157983966888,0.014084507042253521,0.16901408450704225,NA,NA,NA,43
GUARACI,351790,0.737,2.968317,11382,641.501,0.17742762676909313,0.015873015873015872,0.11507936507936507,NA,NA,NA,40
GUARANI D'OESTE,351800,0.732,1.775548,1996,85.7,0.23290548424737456,0,0.40476190476190477,NA,NA,NA,33.5
GUARANTÃ,351810,0.713,2.617616,6685,461.746,0.14477656547105985,0.015748031496062992,0.11023622047244094,NA,NA,NA,38
GUARARAPES,351820,0.763,2.776452,33257,955.637,0.34800871042037934,0.011385199240986717,0.11764705882352941,NA,NA,NA,41
GUARAREMA,351830,0.731,4.799777,30465,270.816,1.124933534207728,0.061068702290076333,0.1946564885496183,NA,NA,NA,42
GUARATINGUETÁ,351840,0.798,4.684929,123192,752.636,1.6368071684054444,0.04258555133079848,0.1726235741444867,NA,NA,NA,42
GUAREÍ,351850,0.687,1.227922,19244,567.884,0.33887202315965936,0.01066350710900474,0.07582938388625593,NA,NA,NA,37
GUARIBA,351860,0.719,2.265716,40857,270.289,1.5116042458257644,0.03089143865842895,0.20211827007943514,NA,NA,NA,40
GUARUJÁ,351870,0.751,2.7031810000000003,324977,144.794,22.444092987278477,0.0513268156424581,0.16364059590316574,NA,NA,NA,41
GUARULHOS,351880,0.763,4.48977,1404694,318.675,44.079202949713654,0.07765114931427468,0.2161966389801043,NA,NA,NA,43
GUATAPARÁ,351885,0.743,2.800056,7760,413.567,0.18763586069488133,0.03125,0.21875,NA,NA,NA,38
GUZOLÂNDIA,351890,0.697,1.259484,5346,252.477,0.21174205967276227,0.05555555555555555,0.3148148148148148,NA,NA,NA,43
HERCULÂNDIA,351900,0.727,3.3182410000000004,9649,364.252,0.2648990259490682,0.0547945205479452,0.2191780821917808,NA,NA,NA,40
HOLAMBRA,351905,0.793,6.653766,15605,65.577,2.3796453024688535,0.007653061224489796,0.06887755102040816,NA,NA,NA,39
HORTOLÂNDIA,351907,0.756,5.769175,237570,62.416,38.06235580620354,0.023963133640552997,0.15591397849462366,NA,NA,NA,38
IACANGA,351910,0.745,3.702357,12002,547.393,0.21925746218895747,0.017793594306049824,0.13523131672597866,NA,NA,NA,40
IACRI,351920,0.733,3.015775,6269,321.948,0.19472088660280545,0,0.09090909090909091,NA,NA,NA,34
IARAS,351925,0.674,1.703166,9786,401.381,0.2438082520099357,0.05172413793103448,0.1206896551724138,NA,NA,NA,46.5
IBATÉ,351930,0.703,2.445414,35830,290.978,1.2313645705173586,0.015772870662460567,0.09779179810725552,NA,NA,NA,36
IBIRÁ,351940,0.74,2.047508,12639,271.912,0.46481950042660863,0.027624309392265192,0.23204419889502761,NA,NA,NA,38
IBIRAREMA,351950,0.708,2.39511,7926,228.23,0.3472812513692328,0.035211267605633804,0.08450704225352113,NA,NA,NA,36
IBITINGA,351960,0.747,2.563047,61150,689.391,0.8870147710080347,0.02862476664592408,0.17734909769757312,NA,NA,NA,38
IBIÚNA,351970,0.71,2.17465,80062,1058.082,0.7566710330579292,0.09534368070953436,0.22394678492239467,NA,NA,NA,42
ICÉM,351980,0.72,2.12432,8363,362.355,0.23079576658249504,0.018072289156626505,0.21084337349397592,NA,NA,NA,40
IEPÊ,351990,0.736,3.043564,8228,594.974,0.13829175728687304,0.05154639175257732,0.12371134020618557,NA,NA,NA,43
IGARAÇU DO TIETÊ,352000,0.727,1.233536,24821,97.747,2.5393106693811576,0.029545454545454545,0.16590909090909092,NA,NA,NA,40
IGARAPAVA,352010,0.768,3.900262,30791,468.355,0.6574286598840622,0.04778156996587031,0.16552901023890784,NA,NA,NA,39
IGARATÁ,352020,0.711,1.9049080000000003,9631,292.953,0.3287558072455309,0.008032128514056224,0.05321285140562249,NA,NA,NA,36
IGUAPE,352030,0.726,3.8078830000000004,31117,1978.795,0.15725226716259136,0.025380710659898477,0.12013536379018612,NA,NA,NA,41
ILHA COMPRIDA,352042,0.725,12.220412,11552,196.567,0.5876876586609145,0.04666666666666667,0.18666666666666668,NA,NA,NA,44.5
ILHA SOLTEIRA,352044,0.812,2.352505,26886,652.641,0.41195695642780644,0.042134831460674156,0.16573033707865167,NA,NA,NA,41
ILHABELA,352040,0.756,41.945721999999996,36194,346.389,1.044894612704214,0.007897934386391251,0.09416767922235723,NA,NA,NA,34
INDAIATUBA,352050,0.788,6.3166459999999995,260690,311.545,8.36765154311576,0.037852830804372656,0.12155327133300702,NA,NA,NA,38
INDIANA,352060,0.761,1.310917,4873,129.367,0.37668029713914675,0.023809523809523808,0.1984126984126984,NA,NA,NA,41
INDIAPORÃ,352070,0.751,2.444985,3876,279.606,0.13862363468595096,0,0.28205128205128205,NA,NA,NA,41
INÚBIA PAULISTA,352080,0.759,3.48881,4045,87.119,0.46430744154547227,0.037037037037037035,0.14814814814814814,NA,NA,NA,42
IPAUSSU,352090,0.727,2.5086470000000003,15165,209.554,0.7236798152266242,0.011627906976744186,0.13178294573643412,NA,NA,NA,37.5
IPERÓ,352100,0.719,1.7873000000000001,38771,170.289,2.2767765387077263,0.01838235294117647,0.125,NA,NA,NA,37
IPEÚNA,352110,0.753,9.408097,7824,190.01,0.4117678016946477,0.006944444444444444,0.09722222222222222,NA,NA,NA,36
IPIGUÁ,352115,0.73,2.0253650000000003,5557,136.028,0.40851883435763225,0.035555555555555556,0.22666666666666666,NA,NA,NA,39
IPORANGA,352120,0.703,1.209874,4180,1152.059,0.036282863985264646,0.014492753623188406,0.2028985507246377,NA,NA,NA,39
IPUÃ,352130,0.749,2.213912,16794,466.461,0.36003009897933586,0.03852889667250438,0.19614711033274956,NA,NA,NA,43
IRACEMÁPOLIS,352140,0.776,8.347719,24982,115.118,2.1701210931392136,0.013973799126637555,0.12925764192139738,NA,NA,NA,37
IRAPUÃ,352150,0.713,1.974875,8101,257.612,0.31446516466624225,0.013157894736842105,0.18421052631578946,NA,NA,NA,39
IRAPURU,352160,0.712,1.065985,8356,214.461,0.3896279510027464,0.018518518518518517,0.09259259259259259,NA,NA,NA,44
ITABERÁ,352170,0.693,2.95697,17405,1100.247,0.15819175148852938,0.017543859649122806,0.21052631578947367,NA,NA,NA,39
ITAÍ,352180,0.713,2.2376970000000003,27632,1092.884,0.2528356165887688,0.008771929824561403,0.08771929824561403,NA,NA,NA,38
ITAJOBI,352190,0.73,10.503802,15331,502.066,0.3053582596710393,0.023809523809523808,0.2554112554112554,NA,NA,NA,40
ITAJU,352200,0.705,2.308926,3937,230.355,0.1709101169933364,0.006097560975609756,0.17073170731707318,NA,NA,NA,37
ITANHAÉM,352210,0.745,1.876324,104351,601.711,1.7342378650215802,0.06224737267582862,0.185125303152789,NA,NA,NA,42
ITAÓCA,352215,0.68,1.241689,3332,183.015,0.1820615796519411,0,0.12121212121212122,NA,NA,NA,32
ITAPECERICA DA SERRA,352220,0.742,2.107961,179574,150.742,11.912671982592776,0.06284658040665435,0.2432532347504621,NA,NA,NA,41
ITAPETININGA,352230,0.763,2.9304810000000003,167106,1789.35,0.9338921954899824,0.040666340029397355,0.1749142577168055,NA,NA,NA,40
ITAPEVA,352240,0.732,2.686038,95241,1826.258,0.5215090091323351,0.016331658291457288,0.15577889447236182,NA,NA,NA,37
ITAPEVI,352250,0.735,5.193922,244131,82.658,29.535072225313943,0.07112845138055222,0.25120048019207686,NA,NA,NA,42
ITAPIRA,352260,0.762,5.256533999999999,75683,518.416,1.4598893552668128,0.027672273467173086,0.18882257189365165,NA,NA,NA,39
ITAPIRAPUÃ PAULISTA,352265,0.661,0.999474,4294,406.478,0.1056391735838102,0.014925373134328358,0.08955223880597014,NA,NA,NA,34
ITÁPOLIS,352270,0.744,3.0504919999999998,43536,996.747,0.43678084809886564,0.02186878727634195,0.20079522862823063,NA,NA,NA,39.5
ITAPORANGA,352280,0.719,2.122991,15197,507.997,0.299155309972303,0.03153153153153153,0.07207207207207207,NA,NA,NA,37
ITAPUÍ,352290,0.725,4.810323,14297,140.023,1.0210465423537562,0.016339869281045753,0.07516339869281045,NA,NA,NA,36
ITAPURA,352300,0.72,1.8828790000000002,4994,301.653,0.16555446158334244,0.015873015873015872,0.2222222222222222,NA,NA,NA,41
ITAQUAQUECETUBA,352310,0.714,1.967854,379082,82.622,45.88148435041514,0.07295331925873798,0.20924231761670184,NA,NA,NA,41
ITARARÉ,352320,0.703,1.7452029999999998,50778,1003.86,0.5058275058275058,0.03620689655172414,0.10517241379310345,NA,NA,NA,37
ITARIRI,352330,0.677,1.599063,17754,273.667,0.6487446422111545,0.02766798418972332,0.20553359683794467,NA,NA,NA,40
ITATIBA,352340,0.778,5.081186,124254,322.276,3.855515148506249,0.017331932773109245,0.17489495798319327,NA,NA,NA,41
ITATINGA,352350,0.706,2.005145,21139,979.817,0.21574436859127777,0.022653721682847898,0.0970873786407767,NA,NA,NA,36
ITIRAPINA,352360,0.724,2.2943130000000003,18610,564.603,0.3296121345440956,0.026200873362445413,0.19213973799126638,NA,NA,NA,40
ITIRAPUÃ,352370,0.707,1.527566,6587,161.118,0.40883079482118695,0.02702702702702703,0.10810810810810811,NA,NA,NA,40
ITOBI,352380,0.717,1.593955,7862,138.986,0.5656684845955708,0.016666666666666666,0.09285714285714286,NA,NA,NA,34
ITU,352390,0.773,4.546113,177150,640.719,2.7648625996731795,0.03529411764705882,0.2068627450980392,NA,NA,NA,40
ITUPEVA,352400,0.762,11.215924000000001,64330,200.816,3.203430005577245,0.019340159271899887,0.14448236632536973,NA,NA,NA,38
ITUVERAVA,352410,0.765,3.665133,42259,704.659,0.599708511492793,0.050505050505050504,0.27070707070707073,NA,NA,NA,39
JABORANDI,352420,0.711,1.9946279999999998,6963,273.438,0.25464639150374124,0.02877697841726619,0.1366906474820144,NA,NA,NA,37
JABOTICABAL,352430,0.778,3.7818059999999996,78029,706.602,1.1042850147607848,0.07412398921832884,0.3328840970350404,NA,NA,NA,47
JACAREÍ,352440,0.777,5.479698,237119,464.272,5.107329324189268,0.044946957007258516,0.16862088218872137,NA,NA,NA,40
JACI,352450,0.723,5.6703269999999995,7322,145.133,0.5045027664280349,0.017142857142857144,0.12285714285714286,NA,NA,NA,37
JACUPIRANGA,352460,0.717,2.972897,17911,704.189,0.2543493295123895,0.03463203463203463,0.08658008658008658,NA,NA,NA,40
JAGUARIÚNA,352470,0.784,20.508073,59921,141.391,4.237964226860267,0.022745098039215685,0.13098039215686275,NA,NA,NA,39
JALES,352480,0.776,3.155569,49291,368.574,1.3373433828756234,0.02902902902902903,0.2012012012012012,NA,NA,NA,40
JAMBEIRO,352490,0.756,3.6754,6828,184.413,0.37025589302272616,0.06521739130434782,0.14130434782608695,NA,NA,NA,44
JANDIRA,352500,0.76,3.2512790000000003,127734,17.449,73.20419508281276,0.0617782909930716,0.17378752886836027,NA,NA,NA,41
JARDINÓPOLIS,352510,0.735,2.506021,45544,501.87,0.9074860023512065,0.06339712918660287,0.18899521531100477,NA,NA,NA,43
JARINU,352520,0.733,8.522143,31173,207.549,1.5019585736380323,0.05568445475638051,0.11832946635730858,NA,NA,NA,43
JAÚ,352530,0.778,3.185535,153463,687.103,2.2334788234078444,0.02507947721653126,0.1596608972094666,NA,NA,NA,39
JERIQUARA,352540,0.703,2.600563,3143,141.971,0.22138324023920375,0,0.015625,NA,NA,NA,39
JOANÓPOLIS,352550,0.699,1.626242,13453,374.293,0.359424301282685,0.024193548387096774,0.12096774193548387,NA,NA,NA,37
JOÃO RAMALHO,352560,0.741,2.689088,4577,415.452,0.110169165150246,0.05,0.16666666666666666,NA,NA,NA,36
JOSÉ BONIFÁCIO,352570,0.777,3.6031699999999995,37707,860.2,0.4383515461520577,0.015548281505728314,0.09983633387888707,NA,NA,NA,37
JÚLIO MESQUITA,352580,0.716,1.0759020000000001,4824,128.183,0.3763369557585639,0.05555555555555555,0.08333333333333333,NA,NA,NA,40
JUMIRIM,352585,0.741,3.9671589999999997,3467,56.685,0.6116256505248302,0.012048192771084338,0.060240963855421686,NA,NA,NA,34
JUNDIAÍ,352590,0.822,10.518765,426935,431.207,9.90092925207615,0.031478989083295945,0.17997607297741888,NA,NA,NA,41
JUNQUEIRÓPOLIS,352600,0.745,2.807157,20978,582.565,0.36009715654047186,0.022727272727272728,0.056818181818181816,NA,NA,NA,39
JUQUIÁ,352610,0.7,1.73947,18627,812.799,0.2291710496691064,0.02977667493796526,0.19602977667493796,NA,NA,NA,40
JUQUITIBA,352620,0.709,1.645282,31844,522.169,0.609840875272182,0.02180232558139535,0.09302325581395349,NA,NA,NA,36
LAGOINHA,352630,0.693,1.1542059999999998,4882,255.472,0.19109726310515437,0.016666666666666666,0.23333333333333334,NA,NA,NA,44
LARANJAL PAULISTA,352640,0.729,3.9397309999999996,29047,384.274,0.7558929305651696,0.0066815144766146995,0.045657015590200446,NA,NA,NA,40
LAVÍNIA,352650,0.721,1.3500889999999999,12581,537.675,0.23398893383549546,0.011730205278592375,0.10263929618768329,NA,NA,NA,37
LAVRINHAS,352660,0.729,1.525691,7361,167.067,0.44060167477718515,0.014084507042253521,0.11267605633802817,NA,NA,NA,40
LEME,352670,0.744,3.132057,105273,402.871,2.6130696922836343,0.028009084027252083,0.151778955336866,NA,NA,NA,40
LENÇÓIS PAULISTA,352680,0.764,3.8890379999999998,69533,809.541,0.8589188194297757,0.017075773745997867,0.10850231234436143,NA,NA,NA,40
LIMEIRA,352690,0.775,4.344026,310783,580.711,5.351767057968593,0.028376844494892167,0.12300072231967805,NA,NA,NA,40
LINDÓIA,352700,0.742,2.3184720000000003,8201,48.756,1.682049388793174,0.03260869565217391,0.22826086956521738,NA,NA,NA,40.5
LINS,352710,0.786,4.883712,78978,570.058,1.3854379729781883,0.017060876308646764,0.09461031407522295,NA,NA,NA,38
LORENA,352720,0.766,3.202136,89532,414.16,2.161773227738072,0.02899824253075571,0.2627416520210896,NA,NA,NA,43
LOURDES,352725,0.742,1.758034,2311,113.94,0.2028260487976128,0.016666666666666666,0.11666666666666667,NA,NA,NA,48.5
LOUVEIRA,352730,0.777,22.96107,51007,55.133,9.251627881667966,0.02774694783573807,0.1853496115427303,NA,NA,NA,40
LUCÉLIA,352740,0.752,2.042077,22022,314.81,0.6995330516819669,0.06481481481481481,0.2962962962962963,NA,NA,NA,45
LUCIANÓPOLIS,352750,0.733,2.390168,2412,189.536,0.12725814620969103,0,0.16666666666666666,NA,NA,NA,42
LUÍS ANTÔNIO,352760,0.731,10.343356,15628,598.257,0.2612255268220849,0.031055900621118012,0.18322981366459629,NA,NA,NA,39
LUIZIÂNIA,352770,0.702,1.2536559999999999,5918,166.576,0.35527326865815007,0.04054054054054054,0.20270270270270271,NA,NA,NA,42.5
LUPÉRCIO,352780,0.724,1.692363,4608,155.171,0.29696270566020716,0,0.21875,NA,NA,NA,42.5
LUTÉCIA,352790,0.72,3.201834,2623,475.226,0.05519479153076642,0,0.1111111111111111,NA,NA,NA,54
MACATUBA,352800,0.77,3.672303,17263,224.514,0.768905279848918,0.011583011583011582,0.11454311454311454,NA,NA,NA,37
MACAUBAL,352810,0.743,1.912148,8174,248.087,0.329481190066388,0.04395604395604396,0.16483516483516483,NA,NA,NA,43
MACEDÔNIA,352820,0.74,2.121283,3686,327.567,0.11252659761209158,0.06451612903225806,0.1774193548387097,NA,NA,NA,45
MAGDA,352830,0.753,2.983429,3086,312.282,0.09882093748599025,0.044444444444444446,0.2,NA,NA,NA,39
MAIRINQUE,352840,0.743,4.048494,47723,210.149,2.2709125430052013,0.04054054054054054,0.14478764478764478,NA,NA,NA,37
MAIRIPORÃ,352850,0.788,1.777455,103645,320.697,3.2318668400390402,0.04140526976160602,0.15746549560853199,NA,NA,NA,40
MANDURI,352860,0.739,2.337818,9972,229.046,0.4353710608349414,0,0.109375,NA,NA,NA,36
MARABÁ PAULISTA,352870,0.677,1.7644509999999998,6039,919.519,0.0656756412863682,0.020833333333333332,0.125,NA,NA,NA,44
MARACAÍ,352880,0.771,2.952919,14069,533.498,0.2637123288184773,0.006535947712418301,0.06535947712418301,NA,NA,NA,37
MARAPOAMA,352885,0.752,5.988283999999999,3097,111.267,0.27833948969595657,0.0375,0.3,NA,NA,NA,37
MARIÁPOLIS,352890,0.718,1.392603,4098,186.544,0.21968007547817134,0,0.16,NA,NA,NA,37
MARÍLIA,352900,0.798,3.408386,242249,1170.515,2.0695932986762235,0.01910248635536689,0.16100667070952093,NA,NA,NA,39
MARINÓPOLIS,352910,0.731,1.640582,2101,77.827,0.2699577267529264,0.046511627906976744,0.27906976744186046,NA,NA,NA,35
MARTINÓPOLIS,352920,0.721,1.887102,26791,1253.564,0.21371864539824054,0.04234527687296417,0.13029315960912052,NA,NA,NA,42
MATÃO,352930,0.773,5.022839,84069,524.899,1.601622407358368,0.029904306220095694,0.24043062200956938,NA,NA,NA,44
MAUÁ,352940,0.766,3.265523,481725,61.909,77.81178826987998,0.05477472743990543,0.1387101011427821,NA,NA,NA,40
MENDONÇA,352950,0.744,4.313921,5638,195.151,0.28890448934414886,0.05813953488372093,0.16279069767441862,NA,NA,NA,37
MERIDIANO,352960,0.731,6.2670639999999995,3813,228.199,0.16709100390448686,0.045454545454545456,0.09848484848484848,NA,NA,NA,40.5
MESÓPOLIS,352965,0.724,3.078446,1903,148.636,0.12803089426518477,0.029411764705882353,0.38235294117647056,NA,NA,NA,35.5
MIGUELÓPOLIS,352970,0.741,4.595452,22480,820.849,0.27386279327866636,0.033073929961089495,0.20622568093385213,NA,NA,NA,41
MINEIROS DO TIETÊ,352980,0.73,1.340867,13023,213.242,0.6107145871826376,0.028169014084507043,0.13380281690140844,NA,NA,NA,38.5
MIRA ESTRELA,353000,0.743,2.1664950000000003,3125,216.825,0.14412544678888506,0.018518518518518517,0.07407407407407407,NA,NA,NA,41.5
MIRACATU,352990,0.697,1.97065,19511,1001.484,0.19482088580546467,0.058823529411764705,0.10526315789473684,NA,NA,NA,39
MIRANDÓPOLIS,353010,0.751,2.223068,29844,917.694,0.32520644136280724,0.022113022113022112,0.18673218673218672,NA,NA,NA,43
MIRANTE DO PARANAPANEMA,353020,0.724,1.9027180000000001,18415,1238.931,0.14863620330752883,0.03759398496240601,0.2781954887218045,NA,NA,NA,49
MIRASSOL,353030,0.762,3.050955,60768,243.228,2.498396566184814,0.02753195673549656,0.22664700098328416,NA,NA,NA,42
MIRASSOLÂNDIA,353040,0.738,2.666398,4966,166.125,0.29893152746425883,0.011976047904191617,0.15568862275449102,NA,NA,NA,37
MOCOCA,353050,0.762,3.082827,69072,855.156,0.807712277058221,0.02661290322580645,0.11290322580645161,NA,NA,NA,40
MOGI DAS CRUZES,353060,0.783,3.4908309999999996,455587,712.541,6.393835582794534,0.05408805031446541,0.18880503144654087,NA,NA,NA,41
MOGI GUAÇU,353070,0.774,3.8971419999999997,154146,812.753,1.8965909692120482,0.0325497287522604,0.14647377938517178,NA,NA,NA,41
MOGI MIRIM,353080,0.784,4.963135,94098,497.708,1.8906266324833032,0.030572540300166758,0.09894385769872151,NA,NA,NA,43
MOMBUCA,353090,0.719,2.8783849999999997,3523,133.698,0.26350431569656985,0.018867924528301886,0.22641509433962265,NA,NA,NA,43
MONÇÕES,353100,0.772,2.653111,2274,104.352,0.21791628334866606,0.034482758620689655,0.08620689655172414,NA,NA,NA,43
MONGAGUÁ,353110,0.754,1.858177,58567,143.205,4.0897315037882755,0.035667107001321,0.13606340819022458,NA,NA,NA,42
MONTE ALEGRE DO SUL,353120,0.759,2.239171,8181,110.308,0.7416506509047395,0.014492753623188406,0.14492753623188406,NA,NA,NA,43
MONTE ALTO,353130,0.768,3.5901300000000003,51039,346.95,1.471076523994812,0.040354330708661415,0.17125984251968504,NA,NA,NA,43
MONTE APRAZÍVEL,353140,0.785,2.658441,25651,495.559,0.5176174784435355,0.021929824561403508,0.2222222222222222,NA,NA,NA,42
MONTE AZUL PAULISTA,353150,0.753,2.803328,18928,263.462,0.7184337779262284,0.01,0.125,NA,NA,NA,39
MONTE CASTELO,353160,0.741,2.4706740000000003,4166,233.547,0.17837951247500503,0.028037383177570093,0.11214953271028037,NA,NA,NA,41
MONTE MOR,353180,0.733,5.931132,61707,240.566,2.565075696482462,0.019961365099806824,0.11010946555054733,NA,NA,NA,39
MONTEIRO LOBATO,353170,0.71,1.417368,4739,332.742,0.14242265779492821,0.013157894736842105,0.09210526315789473,NA,NA,NA,37.5
MORRO AGUDO,353190,0.712,3.60371,33598,1388.127,0.2420383725696568,0.023295944779982744,0.3364969801553063,NA,NA,NA,42
MORUNGABA,353200,0.715,3.3875480000000002,13936,146.752,0.9496293065852595,0.023622047244094488,0.14173228346456693,NA,NA,NA,43
MOTUCA,353205,0.741,1.728633,4831,228.7,0.21123742894621778,0.05660377358490566,0.4528301886792453,NA,NA,NA,42
MURUTINGA DO SUL,353210,0.726,1.4623620000000002,4525,250.873,0.18037014744512164,0.045454545454545456,0.3409090909090909,NA,NA,NA,39
"NANTES",353215,0.714,3.8493269999999997,3215,286.647,0.1121588574099851,0,0.10344827586206896,NA,NA,NA,33
"NARANDIBA",353220,0.718,3.866532,4950,357.325,0.13852935003148395,0.028037383177570093,0.18691588785046728,NA,NA,NA,35
"NATIVIDADE DA SERRA",353230,0.655,1.084803,6624,833.372,0.07948431192792654,0.03125,0.1875,NA,NA,NA,46.5
"NAZARÉ PAULISTA",353240,0.678,1.865119,18866,326.254,0.5782611094423363,0.02142857142857143,0.08571428571428572,NA,NA,NA,43.5
NEVES PAULISTA,353250,0.754,2.3770599999999997,8917,219.05,0.4070760100433691,0.02390438247011952,0.12749003984063745,NA,NA,NA,39
NHANDEARA,353260,0.751,2.838863,11575,436.159,0.26538487111351594,0.028985507246376812,0.13526570048309178,NA,NA,NA,41
NIPOÃ,353270,0.713,1.8328810000000002,5381,137.609,0.3910354700637313,0.017857142857142856,0.13392857142857142,NA,NA,NA,41
NOVA ALIANÇA,353280,0.738,2.5206049999999998,7161,217.515,0.3292186745741673,0.017094017094017096,0.13247863247863248,NA,NA,NA,43.5
NOVA CAMPINA,353282,0.651,1.141851,9962,385.375,0.2585014596172559,0.05172413793103448,0.08620689655172414,NA,NA,NA,40
NOVA CANAÃ PAULISTA,353284,0.715,2.068621,1824,124.473,0.14653780337904607,0.02666666666666667,0.13333333333333333,NA,NA,NA,42
NOVA CASTILHO,353286,0.756,3.236614,1290,183.396,0.07033959301184323,0.09090909090909091,0.36363636363636365,NA,NA,NA,50
NOVA EUROPA,353290,0.765,2.548501,11519,160.25,0.718814352574103,0.012195121951219513,0.09349593495934959,NA,NA,NA,38
NOVA GRANADA,353300,0.739,2.037867,21871,531.796,0.4112667263386712,0.0189873417721519,0.1860759493670886,NA,NA,NA,38
NOVA GUATAPORANGA,353310,0.726,1.353284,2333,34.158,0.6830025177118099,0,0.14285714285714285,NA,NA,NA,44
NOVA INDEPENDÊNCIA,353320,0.735,3.63801,4135,265.029,0.15602066188983094,0.010526315789473684,0.10526315789473684,NA,NA,NA,32
NOVA LUZITÂNIA,353330,0.743,1.233203,4217,73.816,0.5712853581879267,0.021505376344086023,0.0967741935483871,NA,NA,NA,39
NOVA ODESSA,353340,0.791,5.963381,61716,73.788,8.363961619775573,0.04534005037783375,0.20654911838790932,NA,NA,NA,41
NOVAIS,353325,0.719,1.019695,6057,117.772,0.5142988146588323,0.0425531914893617,0.14893617021276595,NA,NA,NA,41
NOVO HORIZONTE,353350,0.753,2.69156,41765,931.743,0.44824592189047835,0.022286821705426358,0.1501937984496124,NA,NA,NA,40
NUPORANGA,353360,0.746,7.0520179999999995,7522,348.265,0.2159849539861887,0.01834862385321101,0.3944954128440367,NA,NA,NA,39
OCAUÇU,353370,0.717,2.70407,4294,301.036,0.14264074728603887,0,0.2222222222222222,NA,NA,NA,43
ÓLEO,353380,0.73,3.297007,2447,198.938,0.12300314670902493,0,0.2,NA,NA,NA,38
OLÍMPIA,353390,0.773,3.7387019999999995,55477,802.555,0.6912548049666378,0.025196850393700787,0.15118110236220472,NA,NA,NA,38
ONDA VERDE,353400,0.738,3.817426,4462,242.946,0.18366221300206628,0.01818181818181818,0.3090909090909091,NA,NA,NA,39.5
ORIENTE,353410,0.77,1.534427,6569,218.668,0.3004097535990634,0.043478260869565216,0.17391304347826086,NA,NA,NA,45.5
ORINDIÚVA,353420,0.767,5.828024,7318,247.378,0.29582258729555577,0.015625,0.1171875,NA,NA,NA,41
ORLÂNDIA,353430,0.78,4.200328,44682,291.765,1.5314379723407539,0.037073170731707315,0.16975609756097562,NA,NA,NA,43
OSASCO,353440,0.776,10.993621000000001,701428,64.954,107.98842257597686,0.06248616746587975,0.2118037624492807,NA,NA,NA,42
OSCAR BRESSANE,353450,0.749,3.4900309999999997,2603,222.13,0.1171836312069509,0,0.09523809523809523,NA,NA,NA,40
OSVALDO CRUZ,353460,0.762,2.593054,33118,248.038,1.33519863891823,0.0353356890459364,0.17667844522968199,NA,NA,NA,41
OURINHOS,353470,0.778,2.7232540000000003,115139,295.818,3.8922242730327437,0.020365535248041775,0.11070496083550914,NA,NA,NA,38
OURO VERDE,353480,0.692,1.3210540000000002,8676,266.778,0.32521422306187164,0,0.06349206349206349,NA,NA,NA,40
OUROESTE,353475,0.77,4.142564,10712,288.648,0.3711094481860258,0.018518518518518517,0.2222222222222222,NA,NA,NA,38
PACAEMBU,353490,0.725,2.1542470000000002,14326,339.375,0.4221289134438306,0.03162055335968379,0.06324110671936758,NA,NA,NA,38
PALESTINA,353500,0.732,2.3871290000000003,13285,697.701,0.19041107867123597,0.03496503496503497,0.2097902097902098,NA,NA,NA,38
PALMARES PAULISTA,353510,0.722,0.9376190000000001,13691,82.125,1.6670928462709285,0.035897435897435895,0.14358974358974358,NA,NA,NA,38
PALMEIRA D'OESTE,353520,0.753,2.008666,9173,318.74,0.2877894208445755,0.028985507246376812,0.13043478260869565,NA,NA,NA,46
PALMITAL,353530,0.746,3.0936779999999997,22322,548.407,0.40703346237374793,0.017326732673267328,0.15099009900990099,NA,NA,NA,42
PANORAMA,353540,0.722,1.6827130000000001,15944,356.05,0.4478022749613818,0.05555555555555555,0.16666666666666666,NA,NA,NA,40.5
PARAGUAÇU PAULISTA,353550,0.762,3.3792379999999995,46180,1001.492,0.46111202086486963,0.028629856850715747,0.1411042944785276,NA,NA,NA,39
PARAIBUNA,353560,0.719,1.5336370000000001,18302,809.576,0.22606895461327906,0.06077348066298342,0.20441988950276244,NA,NA,NA,41
PARAÍSO,353570,0.749,3.4584669999999997,6536,155.186,0.4211720129393115,0.024844720496894408,0.22981366459627328,NA,NA,NA,37
PARANAPANEMA,353580,0.717,3.119829,20588,1018.724,0.2020959553323569,0.011560693641618497,0.2543352601156069,NA,NA,NA,42
PARANAPUÃ,353590,0.732,2.748559,4112,140.354,0.29297348134004014,0.05952380952380952,0.21428571428571427,NA,NA,NA,36.5
PARAPUÃ,353600,0.737,3.211891,10934,366.664,0.2982021687430454,0.044444444444444446,0.08888888888888889,NA,NA,NA,44
PARDINHO,353610,0.727,4.745461,6579,209.894,0.3134439288402718,0.00625,0.1125,NA,NA,NA,40
PARIQUERA AÇU,353620,0.736,2.592661,19797,359.414,0.5508132682644526,0.02,0.12857142857142856,NA,NA,NA,38
PARISI,353625,0.721,3.10458,2177,84.737,0.2569125647591961,0.049586776859504134,0.19008264462809918,NA,NA,NA,38
PATROCÍNIO PAULISTA,353630,0.73,6.079211,14941,602.848,0.24784025160571158,0.04945054945054945,0.24175824175824176,NA,NA,NA,41
PAULICÉIA,353640,0.711,2.070529,7540,374.091,0.2015552365600883,0.043478260869565216,0.08695652173913043,NA,NA,NA,43.5
PAULÍNIA,353650,0.795,30.616317,114508,138.777,8.251223185398157,0.015080990504561534,0.11580711226959597,NA,NA,NA,39
PAULISTÂNIA,353657,0.718,2.243093,1835,256.178,0.07162988234743031,0,0.1111111111111111,NA,NA,NA,43
PAULO DE FARIA,353660,0.725,3.011056,8973,737.986,0.12158767239486927,0.02127659574468085,0.1276595744680851,NA,NA,NA,40
PEDERNEIRAS,353670,0.739,4.743098000000001,47523,727.482,0.6532532763697246,0.02727272727272727,0.20909090909090908,NA,NA,NA,38.5
PEDRA BELA,353680,0.677,1.378213,6127,158.587,0.3863494485676632,0.010416666666666666,0.09375,NA,NA,NA,38
PEDRANÓPOLIS,353690,0.742,2.5672040000000003,2468,260.101,0.09488621727713464,0.027777777777777776,0.19444444444444445,NA,NA,NA,43.5
PEDREGULHO,353700,0.715,5.241886,16876,712.604,0.23682157271079027,0.02127659574468085,0.20212765957446807,NA,NA,NA,42.5
PEDREIRA,353710,0.769,2.647159,48992,108.817,4.502237701829678,0.016100178890876567,0.148479427549195,NA,NA,NA,39
PEDRINHAS PAULISTA,353715,0.774,4.436489,3109,152.309,0.20412451004208548,0.03571428571428571,0.03571428571428571,NA,NA,NA,44
PEDRO DE TOLEDO,353720,0.696,1.27874,11507,670.44,0.1716335540838852,0.05970149253731343,0.208955223880597,NA,NA,NA,44
PENÁPOLIS,353730,0.759,2.639581,64098,711.315,0.9011197570696526,0.03155818540433925,0.16469428007889547,NA,NA,NA,39
PEREIRA BARRETO,353740,0.766,2.9553409999999998,25685,974.247,0.26363950825611987,0.037162162162162164,0.13851351351351351,NA,NA,NA,41
PEREIRAS,353750,0.736,2.395499,8875,223.136,0.3977394951957551,0.005,0.065,NA,NA,NA,33
PERUÍBE,353760,0.749,2.2538099999999996,69697,326.216,2.13652917085612,0.04186046511627907,0.21209302325581394,NA,NA,NA,43
PIACATU,353770,0.732,1.5498370000000001,6093,232.488,0.2620780427376897,0,0.08641975308641975,NA,NA,NA,36
PIEDADE,353780,0.716,2.191631,55731,746.868,0.7461961149761404,0.04,0.17161290322580644,NA,NA,NA,45
PILAR DO SUL,353790,0.69,2.337006,29612,681.248,0.43467283573676546,0.019083969465648856,0.11450381679389313,NA,NA,NA,43
PINDAMONHANGABA,353800,0.773,5.176118,171885,731.355,2.350226634124331,0.020326823435631726,0.10920685532084495,NA,NA,NA,39
PINDORAMA,353810,0.737,2.2081720000000002,17378,184.825,0.9402407682943326,0.028517110266159697,0.23193916349809887,NA,NA,NA,44
PINHALZINHO,353820,0.725,1.7475490000000002,15564,154.529,1.0071895890091829,0.013071895424836602,0.1111111111111111,NA,NA,NA,42
PIQUEROBI,353830,0.711,1.508943,3706,482.769,0.07676549239905628,0,0.047619047619047616,NA,NA,NA,35.5
PIQUETE,353850,0.757,1.197344,13495,175.996,0.7667787904270551,0.016483516483516484,0.21978021978021978,NA,NA,NA,44
PIRACAIA,353860,0.739,1.754072,27617,385.568,0.7162679475475143,0.015945330296127564,0.11617312072892938,NA,NA,NA,43
PIRACICABA,353870,0.785,6.589633999999999,410275,1378.069,2.9771731313889216,0.027584676822955186,0.18665877828723562,NA,NA,NA,40
PIRAJU,353880,0.758,2.4936580000000004,29930,504.591,0.5931536630657305,0.034334763948497854,0.20600858369098712,NA,NA,NA,38
PIRAJUÍ,353890,0.749,1.8702349999999999,25939,823.758,0.31488616802507535,0.02107728337236534,0.18969555035128804,NA,NA,NA,39
PIRANGI,353900,0.756,2.9289509999999996,11524,215.809,0.5339907047435464,0.038461538461538464,0.2420814479638009,NA,NA,NA,41
PIRAPORA DO BOM JESUS,353910,0.727,2.458766,19453,108.489,1.7930850132271474,0.014975041597337771,0.06156405990016639,NA,NA,NA,39
PIRAPOZINHO,353920,0.776,3.483945,27974,477.673,0.5856307557680672,0.0273972602739726,0.1232876712328767,NA,NA,NA,39
PIRASSUNUNGA,353930,0.801,3.676567,77330,727.118,1.0635137625529831,0.0205761316872428,0.09582598471487361,NA,NA,NA,38
PIRATININGA,353940,0.779,1.7432020000000001,13890,402.409,0.3451712064093994,0.03333333333333333,0.22727272727272727,NA,NA,NA,39
PITANGUEIRAS,353950,0.723,2.705373,40430,430.638,0.938839582201292,0.025915996425379804,0.20107238605898123,NA,NA,NA,40
PLANALTO,353960,0.719,3.016436,5370,289.825,0.185284223238161,0.014705882352941176,0.29411764705882354,NA,NA,NA,42
PLATINA,353970,0.719,2.680138,3606,327.48,0.11011359472334188,0,0.05172413793103448,NA,NA,NA,35.5
POÁ,353980,0.771,3.999289,119221,17.264,69.0575764596849,0.06414141414141414,0.2313131313131313,NA,NA,NA,41
POLONI,353990,0.766,2.1985919999999997,6166,135.12,0.45633510953226764,0.0379746835443038,0.25316455696202533,NA,NA,NA,33
POMPÉIA,354000,0.786,5.695186,22326,784.674,0.28452580307235875,0.025,0.25625,NA,NA,NA,41.5
PONGAÍ,354010,0.755,2.367317,3385,183.399,0.1845702539272297,0.05263157894736842,0.15789473684210525,NA,NA,NA,43
PONTAL,354020,0.725,2.3772759999999997,51717,356.371,1.4512123601527622,0.03611293499671701,0.15955351280367697,NA,NA,NA,40
PONTALINDA,354025,0.702,1.700993,4719,209.525,0.22522372031977092,0.05714285714285714,0.22857142857142856,NA,NA,NA,38.5
PONTES GESTAL,354030,0.732,6.0563970000000005,2576,217.505,0.11843405898714972,0.030534351145038167,0.2748091603053435,NA,NA,NA,39
POPULINA,354040,0.714,2.298284,4136,315.938,0.1309117611683305,0.046875,0.21875,NA,NA,NA,42.5
PORANGABA,354050,0.703,1.802655,10205,265.689,0.38409569082649264,0,0.2,NA,NA,NA,51
PORTO FELIZ,354060,0.758,4.925338,53698,556.706,0.9645665755353814,0.01077943615257048,0.18739635157545606,NA,NA,NA,38
PORTO FERREIRA,354070,0.751,3.6767589999999997,56848,244.906,2.321217120037892,0.02535421327367636,0.2110365398956003,NA,NA,NA,38
POTIM,354075,0.697,0.900543,25603,44.643,5.735053647828327,0.02027027027027027,0.10810810810810811,NA,NA,NA,37
POTIRENDABA,354080,0.747,2.994939,17668,342.492,0.5158660640248531,0.020654044750430294,0.19965576592082615,NA,NA,NA,39
PRACINHA,354085,0.696,0.8256979999999999,4327,63.054,0.6862371935166682,0,0,NA,NA,NA,40
PRADÓPOLIS,354090,0.733,4.097709,22239,167.378,1.3286692396850244,0.030303030303030304,0.16337285902503293,NA,NA,NA,42
PRAIA GRANDE,354100,0.754,2.206457,336454,149.253,22.542528458389448,0.03555846422338569,0.1643760907504363,NA,NA,NA,41
PRATÂNIA,354105,0.701,2.521386,5371,175.1,0.3067390062821245,0.03333333333333333,0.25,NA,NA,NA,47
PRESIDENTE ALVES,354110,0.735,1.7861259999999999,4067,286.642,0.1418843016724695,0.028169014084507043,0.07042253521126761,NA,NA,NA,37
PRESIDENTE BERNARDES,354120,0.757,2.049434,12943,749.233,0.1727499989989763,0.02922077922077922,0.20454545454545456,NA,NA,NA,42
PRESIDENTE EPITÁCIO,354130,0.75,1.936406,44572,1260.281,0.3536671583559539,0.04073319755600815,0.10386965376782077,NA,NA,NA,40
PRESIDENTE PRUDENTE,354140,0.806,3.520707,231953,560.637,4.137311665123779,0.030502392344497607,0.17783094098883573,NA,NA,NA,41
PRESIDENTE VENCESLAU,354150,0.763,1.816342,39648,755.203,0.5249979144680305,0.03632478632478633,0.202991452991453,NA,NA,NA,42
PROMISSÃO,354160,0.743,4.062823000000001,41211,779.2,0.5288886036960985,0.005360333531864205,0.3186420488385944,NA,NA,NA,36
QUADRA,354165,0.678,2.639371,3902,205.672,0.18971955346376757,0,0.23076923076923078,NA,NA,NA,61
QUATÁ,354170,0.738,3.2860669999999996,14309,651.341,0.21968523400185155,0.023952095808383235,0.11976047904191617,NA,NA,NA,36
QUEIROZ,354180,0.715,9.727633,3513,234.914,0.14954408847493125,0.08333333333333333,0.375,NA,NA,NA,49.5
QUELUZ,354190,0.722,2.542385,13788,249.399,0.5528490491140703,0.01079136690647482,0.13309352517985612,NA,NA,NA,40
QUINTANA,354200,0.732,2.626102,6736,318.937,0.21120158526605567,0.016129032258064516,0.22580645161290322,NA,NA,NA,37
RAFARD,354210,0.745,3.558608,9126,121.645,0.7502157918533437,0.010582010582010581,0.24867724867724866,NA,NA,NA,41
RANCHARIA,354220,0.751,3.7222410000000004,29743,1587.498,0.1873577163561781,0.01583710407239819,0.083710407239819,NA,NA,NA,39
REDENÇÃO DA SERRA,354230,0.657,1.376732,3827,309.441,0.12367462618075821,0,0.25,NA,NA,NA,35
REGENTE FEIJÓ,354240,0.768,3.531343,20523,263.28,0.7795123062898816,0.03759398496240601,0.3007518796992481,NA,NA,NA,43
REGINÓPOLIS,354250,0.728,1.542857,10047,410.406,0.24480636248008072,0.022727272727272728,0.20454545454545456,NA,NA,NA,33.5
REGISTRO,354260,0.754,3.4962269999999998,56463,722.201,0.7818183580471364,0.029887920298879204,0.09900373599003735,NA,NA,NA,39
RESTINGA,354270,0.705,2.212648,7762,245.746,0.31585458155982193,0.013888888888888888,0.06944444444444445,NA,NA,NA,41.5
RIBEIRA,354280,0.698,1.436128,3320,335.759,0.098880446987273607,0.029411764705882353,0.14705882352941177,NA,NA,NA,40
RIBEIRÃO BONITO,354290,0.712,1.9500819999999999,13376,471.553,0.28365846469007727,0.008368200836820083,0.1297071129707113,NA,NA,NA,37
RIBEIRÃO BRANCO,354300,0.639,1.7976029999999998,15984,697.5,0.22916129032258067,0.022813688212927757,0.1596958174904943,NA,NA,NA,34
RIBEIRÃO CORRENTE,354310,0.711,2.354805,4786,148.332,0.3226545856591969,0.014705882352941176,0.058823529411764705,NA,NA,NA,40
RIBEIRÃO DO SUL,354320,0.747,3.3392699999999995,4537,203.208,0.2232687689461045,0.021739130434782608,0.043478260869565216,NA,NA,NA,32.5
RIBEIRÃO DOS ÍNDIOS,354323,0.721,1.603011,2222,196.446,0.11310996406137055,0.10344827586206896,0.3103448275862069,NA,NA,NA,47
RIBEIRÃO GRANDE,354325,0.705,3.479311,7686,333.363,0.23055948020626166,0.0196078431372549,0.0784313725490196,NA,NA,NA,36
RIBEIRÃO PIRES,354330,0.784,2.4818569999999998,125238,99.075,12.640726722180165,0.05257510729613734,0.1427038626609442,NA,NA,NA,42
RIBEIRÃO PRETO,354340,0.8,4.942529,720116,650.916,11.06311720713579,0.034950187816429855,0.14964069900375632,0.04248257218193466,0.051968033021488814,NA,39
RIFAINA,354360,0.74,3.325417,3651,162.508,0.22466586260368718,0.1111111111111111,0.18518518518518517,NA,NA,NA,45
RINCÃO,354370,0.734,1.817648,10824,316.639,0.34184039237112296,0.036036036036036036,0.1891891891891892,NA,NA,NA,35
RINÓPOLIS,354380,0.723,2.546498,9940,358.481,0.27728108323732636,0,0.1111111111111111,NA,NA,NA,44
RIO CLARO,354390,0.803,4.785156,209548,498.422,4.204228545288931,0.03358384217942696,0.16932832315641147,NA,NA,NA,39
RIO DAS PEDRAS,354400,0.759,4.008687,36233,226.657,1.5985828807405023,0.04041450777202073,0.1616580310880829,NA,NA,NA,40
RIO GRANDE DA SERRA,354410,0.749,1.12824,52009,36.341,14.311383836438184,0.0392156862745098,0.13725490196078433,NA,NA,NA,41
RIOLÂNDIA,354420,0.703,2.042364,12856,631.897,0.20345087886158658,0.00909090909090909,0.17575757575757575,NA,NA,NA,35
RIVERSUL,354350,0.664,1.234969,5364,385.878,0.1390076656352526,0.09523809523809523,0.23809523809523808,NA,NA,NA,41
ROSANA,354425,0.764,7.026757000000001,15929,744.011,0.21409629696335133,0.029239766081871343,0.10526315789473684,NA,NA,NA,42
ROSEIRA,354430,0.737,2.764735,10888,129.847,0.8385253413632968,0.019762845849802372,0.19367588932806323,NA,NA,NA,39
RUBIÁCEA,354440,0.721,2.029851,3195,236.484,0.13510427766783376,0,0.2222222222222222,NA,NA,NA,36.5
RUBINÉIA,354450,0.759,2.4965319999999998,3191,242.877,0.13138337512403397,0.028169014084507043,0.2535211267605634,NA,NA,NA,43
SABINO,354460,0.728,2.124816,5638,305.285,0.184679889283784,0.10909090909090909,0.23636363636363636,NA,NA,NA,42
SAGRES,354470,0.73,1.545137,2427,147.935,0.16405853922330751,0,0.16666666666666666,NA,NA,NA,41
SALES,354480,0.751,2.2858389999999997,6481,308.555,0.21004359028374198,0.036585365853658534,0.23170731707317074,NA,NA,NA,38.5
SALES OLIVEIRA,354490,0.772,2.937839,12103,305.776,0.3958126210036104,0.008849557522123894,0.14601769911504425,NA,NA,NA,38
SALESÓPOLIS,354500,0.732,1.189942,17363,424.997,0.408544060311014,0.06018518518518518,0.14351851851851852,NA,NA,NA,41
SALMOURÃO,354510,0.719,1.361417,5372,172.934,0.3106387407912845,0.058823529411764705,0.23529411764705882,NA,NA,NA,38
SALTINHO,354515,0.791,3.000245,8498,99.738,0.8520323246906897,0.017094017094017096,0.2222222222222222,NA,NA,NA,42
SALTO,354520,0.78,6.218792,120779,133.057,9.077237574873926,0.024213836477987423,0.12452830188679245,NA,NA,NA,39
SALTO DE PIRAPORA,354530,0.729,3.753047,46285,280.509,1.650036184222253,0.023350253807106598,0.21218274111675126,NA,NA,NA,39
SALTO GRANDE,354540,0.704,2.388516,9396,188.441,0.49861760444913794,0.013793103448275862,0.1310344827586207,NA,NA,NA,37
SANDOVALINA,354550,0.709,9.015611,4405,455.856,0.0966313923695202,0.017857142857142856,0.05357142857142857,NA,NA,NA,36.5
SANTA ADÉLIA,354560,0.76,1.9941080000000002,15639,330.269,0.4735230978384287,0.013440860215053764,0.17473118279569894,NA,NA,NA,39
SANTA ALBERTINA,354570,0.728,3.054224,6036,272.692,0.22134862775585643,0.016483516483516484,0.21428571428571427,NA,NA,NA,43
SANTA BÁRBARA D'OESTE,354580,0.781,3.079827,195278,271.03,7.205032653211822,0.03282051282051282,0.20427350427350427,NA,NA,NA,42
SANTA BRANCA,354600,0.735,1.661052,14925,272.238,0.5482335309545324,0.025906735751295335,0.17098445595854922,NA,NA,NA,43
SANTA CLARA D'OESTE,354610,0.733,3.217782,2111,183.458,0.115067208843441,0.05555555555555555,0.09259259259259259,NA,NA,NA,39.5
SANTA CRUZ DA CONCEIÇÃO,354620,0.79,2.7720759999999998,4584,150.13,0.30533537600746025,0,0.21830985915492956,NA,NA,NA,43
SANTA CRUZ DA ESPERANÇA,354625,0.743,2.430959,2166,148.062,0.14629006767435263,0.1111111111111111,0.2222222222222222,NA,NA,NA,53.5
SANTA CRUZ DAS PALMEIRAS,354630,0.728,1.472473,35102,295.337,1.1885405485936404,0.018480492813141684,0.18754277891854895,NA,NA,NA,37
SANTA CRUZ DO RIO PARDO,354640,0.762,4.290675,48207,1114.747,0.43244790073442674,0.009114583333333334,0.20572916666666666,NA,NA,NA,38
SANTA ERNESTINA,354650,0.738,1.653775,5577,134.421,0.41489053049746694,0.015625,0.1953125,NA,NA,NA,35
SANTA FÉ DO SUL,354660,0.784,3.381905,32796,206.537,1.5878995046892326,0.03667953667953668,0.11486486486486487,NA,NA,NA,40
SANTA GERTRUDES,354670,0.737,6.700011,27850,98.291,2.833423202531259,0.017029328287606435,0.11825922421948912,NA,NA,NA,38
SANTA ISABEL,354680,0.738,2.7752630000000003,58529,363.332,1.6108958198011738,0.05764796310530361,0.14373558800922367,NA,NA,NA,40
SANTA LÚCIA,354690,0.737,1.3080610000000001,8889,153.86,0.5777330040296372,0.06172839506172839,0.19753086419753085,NA,NA,NA,39
SANTA MARIA DA SERRA,354700,0.686,2.187638,6298,252.621,0.2493062730335166,0.008130081300813009,0.08943089430894309,NA,NA,NA,39
SANTA MERCEDES,354710,0.739,2.264173,2947,166.753,0.1767284546604859,0,0.125,NA,NA,NA,34
SANTA RITA D'OESTE,354740,0.761,2.5305720000000003,2476,209.8,0.11801715919923737,0.05555555555555555,0.3055555555555556,NA,NA,NA,45.5
SANTA RITA DO PASSA QUATRO,354750,0.775,2.413289,27641,754.141,0.36652297116852156,0.03225806451612903,0.1935483870967742,NA,NA,NA,46
SANTA ROSA DE VITERBO,354760,0.77,2.6438669999999997,26960,288.576,0.9342426258593923,0.011320754716981131,0.24528301886792453,NA,NA,NA,43
SANTA SALETE,354765,0.772,2.337501,1558,79.192,0.19673704414587334,0.017543859649122806,0.2982456140350877,NA,NA,NA,42
SANTANA DA PONTE PENSA,354720,0.773,2.3521229999999997,1448,129.888,0.11148066026114806,0,0,NA,NA,NA,32.5
SANTANA DE PARNAÍBA,354730,0.814,6.765064,145073,179.949,8.061895314783634,0.03165511003919204,0.15797407295749172,NA,NA,NA,41
SANTO ANASTÁCIO,354770,0.753,1.976677,20855,552.876,0.3772093561666631,0.04794520547945205,0.13013698630136986,NA,NA,NA,43
SANTO ANDRÉ,354780,0.815,4.048921,723889,175.782,41.181065183010766,0.043954283272804956,0.15279854731894893,NA,NA,NA,40
SANTO ANTÔNIO DA ALEGRIA,354790,0.702,1.895327,7024,310.311,0.22635356142708446,0.042105263157894736,0.16842105263157894,NA,NA,NA,41
SANTO ANTÔNIO DE POSSE,354800,0.702,4.888001,23742,154.133,1.5403580025043306,0.01437699680511182,0.08306709265175719,NA,NA,NA,35
SANTO ANTÔNIO DO ARACANGUÁ,354805,0.757,2.482367,8541,1308.432,0.06527660589163213,0.037037037037037035,0.20987654320987653,NA,NA,NA,44
SANTO ANTÔNIO DO JARDIM,354810,0.714,2.530738,5926,109.956,0.5389428498672196,0.02564102564102564,0.15384615384615385,NA,NA,NA,38.5
SANTO ANTÔNIO DO PINHAL,354820,0.706,1.625873,6843,133.008,0.5144803320101046,0.046875,0.15625,NA,NA,NA,52.5
SANTO EXPEDITO,354830,0.732,1.237299,3159,94.465,0.3344095696818928,0,0.35294117647058826,NA,NA,NA,52
SANTÓPOLIS DO AGUAPEÍ,354840,0.74,1.485683,4856,128.026,0.37929795510286973,0.03571428571428571,0.08333333333333333,NA,NA,NA,43
SANTOS,354850,0.84,5.191503,433991,281.033,15.442706016731131,0.030786526570674967,0.13962035715829982,NA,NA,NA,43
SÃO BENTO DO SAPUCAÍ,354860,0.72,1.872582,10907,252.579,0.43182529030521144,0,0.12962962962962962,NA,NA,NA,37
SÃO BERNARDO DO CAMPO,354870,0.805,6.068923000000001,849874,409.532,20.75232216285907,0.04445682928920518,0.17864185886993056,NA,NA,NA,41
SÃO CAETANO DO SUL,354880,0.862,8.386042,162763,15.331,106.16593829495793,0.04875076173065204,0.18403412553321147,1,1,NA,44
SÃO CARLOS,354890,0.805,4.4796830000000005,256915,1136.907,2.2597714676750167,0.01712992889463478,0.11021331609566903,NA,NA,NA,38
SÃO FRANCISCO,354900,0.723,1.692504,2813,75.579,0.3721933341272047,0.05555555555555555,0.20833333333333334,NA,NA,NA,46.5
SÃO JOÃO DA BOA VISTA,354910,0.797,3.452254,92315,516.399,1.7876680628738633,0.030456852791878174,0.10025380710659898,NA,NA,NA,41
SÃO JOÃO DAS DUAS PONTES,354920,0.72,1.724157,2555,129.462,0.19735520847816349,0.04411764705882353,0.27941176470588236,NA,NA,NA,51
SÃO JOÃO DE IRACEMA,354925,0.748,1.7697630000000002,1942,178.396,0.10885894302562839,0.0625,0.22916666666666666,NA,NA,NA,41
SÃO JOÃO DO PAU D'ALHO,354930,0.75,2.1896430000000002,2095,117.665,0.17804784770322524,0,0,NA,NA,NA,35.5
SÃO JOAQUIM DA BARRA,354940,0.762,3.3011120000000003,52737,410.863,1.2835665416452686,0.026006711409395974,0.23741610738255034,NA,NA,NA,42
SÃO JOSÉ DA BELA VISTA,354950,0.693,1.821925,8991,276.952,0.3246410930413935,0.1,0.14,NA,NA,NA,43.5
SÃO JOSÉ DO BARREIRO,354960,0.684,1.276163,4141,570.685,0.07256192119996147,0.08695652173913043,0.21739130434782608,NA,NA,NA,53
SÃO JOSÉ DO RIO PARDO,354970,0.774,3.3227230000000003,55298,419.684,1.3176103925810847,0.034482758620689655,0.12,NA,NA,NA,40
SÃO JOSÉ DO RIO PRETO,354980,0.797,3.8449699999999996,469173,431.944,10.861894134424833,0.029615046286599923,0.18820424747622838,0.09510294786162866,0.059532402371583255,NA,40
SÃO JOSÉ DOS CAMPOS,354990,0.807,5.560318,737310,1099.409,6.706421359112031,0.02536075813051906,0.1383803575274607,NA,NA,NA,39
SÃO LOURENÇO DA SERRA,354995,0.728,1.33199,16127,186.456,0.8649225554554427,0.03255813953488372,0.10697674418604651,NA,NA,NA,39
SÃO LUIZ DO PARAITINGA,355000,0.697,1.539497,10693,617.315,0.17321788714027683,0.0641025641025641,0.2564102564102564,NA,NA,NA,43
SÃO MANUEL,355010,0.744,2.9556560000000003,41287,650.734,0.6344681544225443,0.026004728132387706,0.13238770685579196,NA,NA,NA,37
SÃO MIGUEL ARCANJO,355020,0.71,2.072711,33071,930.339,0.3554725750505998,0.03597122302158273,0.2949640287769784,NA,NA,NA,38
SÃO PAULO,355030,0.805,5.869190000000001,12396372,1521.11,81.49556573817804,0.046040110557473625,0.18726229983773426,0,0,NA,41
SÃO PEDRO,355040,0.755,2.131677,36298,611.278,0.5938051099499737,0.016260162601626018,0.0959349593495935,NA,NA,NA,40
SÃO PEDRO DO TURVO,355050,0.703,2.383477,7724,731.221,0.10563153957558657,0,0.2077922077922078,NA,NA,NA,34
SÃO ROQUE,355060,0.768,3.303926,93076,306.908,3.0327003532003074,0.03515151515151515,0.12121212121212122,NA,NA,NA,40
SÃO SEBASTIÃO,355070,0.772,4.317365000000001,91637,402.395,2.2772897277550666,0.028658536585365855,0.13597560975609757,NA,NA,NA,41
SÃO SEBASTIÃO DA GRAMA,355080,0.701,2.338639,12137,252.41,0.48084465750168376,0.023474178403755867,0.17370892018779344,NA,NA,NA,38
SÃO SIMÃO,355090,0.766,2.904913,15446,617.252,0.25023815232676444,0.02631578947368421,0.24210526315789474,NA,NA,NA,41
SÃO VICENTE,355100,0.768,1.5006760000000001,370839,148.1,25.03977042538825,0.06579322130447166,0.19196810025633723,NA,NA,NA,43
SARAPUÍ,355110,0.707,1.4289180000000001,10493,352.592,0.29759608839678725,0.015873015873015872,0.06349206349206349,NA,NA,NA,39.5
SARUTAIÁ,355120,0.688,1.6875419999999999,3623,141.608,0.25584712728094455,0.05,0.45,NA,NA,NA,47
SEBASTIANÓPOLIS DO SUL,355130,0.773,7.122485,3595,167.848,0.21418187884276246,0,0.18032786885245902,NA,NA,NA,36
SERRA AZUL,355140,0.686,1.0758969999999999,15292,283.144,0.5400785466052609,0.030303030303030304,0.09595959595959595,NA,NA,NA,39
SERRA NEGRA,355160,0.767,2.4910919999999996,29669,203.734,1.4562615960026308,0.004629629629629629,0.1574074074074074,NA,NA,NA,42
SERRANA,355150,0.729,2.066393,46166,126.046,3.662631102930676,0.03919933277731443,0.21934945788156798,NA,NA,NA,39
SERTÃOZINHO,355170,0.761,4.416383000000001,128432,403.089,3.1861946121079963,0.02435439848834768,0.10623556581986143,NA,NA,NA,40
SETE BARRAS,355180,0.673,2.876076,12731,1062.699,0.11979873887149607,0.020785219399538105,0.07390300230946882,NA,NA,NA,41
SEVERÍNIA,355190,0.715,1.337283,17820,140.46,1.2686885946176847,0.02356020942408377,0.09031413612565445,NA,NA,NA,37
SILVEIRAS,355200,0.678,1.168572,6375,414.782,0.153695194101962,0.024390243902439025,0.14634146341463414,NA,NA,NA,38
SOCORRO,355210,0.729,2.118014,41690,449.029,0.928447828536687,0.01675977653631285,0.1303538175046555,NA,NA,NA,40
SOROCABA,355220,0.798,5.216913,695328,450.382,15.43862765385828,0.027524075799937868,0.1564461012736875,NA,NA,NA,40
SUD MENNUCCI,355230,0.747,2.1694139999999997,7738,594.744,0.13010639871944904,0.010309278350515464,0.10824742268041238,NA,NA,NA,37.5
SUMARÉ,355240,0.762,5.183202,289875,153.465,18.88867168409735,0.03518205561530189,0.20141342756183744,NA,NA,NA,41
SUZANÁPOLIS,355255,0.699,6.417113,4063,330.587,0.12290259447588683,0,0.18888888888888888,NA,NA,NA,39.5
SUZANO,355250,0.765,3.783581,303397,206.236,14.711156151205417,0.05219669488109633,0.17896009673518742,NA,NA,NA,41
TABAPUÃ,355260,0.735,1.9073080000000002,12561,345.792,0.3632530538589673,0.03631961259079903,0.2179176755447942,NA,NA,NA,43
TABATINGA,355270,0.704,1.548805,16787,368.604,0.45542099380364837,0.030470914127423823,0.13573407202216067,NA,NA,NA,41
TABOÃO DA SERRA,355280,0.769,2.9340900000000003,297528,20.388,145.93290170688638,0.0456534422403734,0.16306884480746792,NA,NA,NA,40
TACIBA,355290,0.723,2.501183,6371,607.267,0.10491266609250954,0.019417475728155338,0.18446601941747573,NA,NA,NA,41
TAGUAÍ,355300,0.709,1.9998060000000002,14415,145.332,0.9918668978614482,0.012711864406779662,0.09745762711864407,NA,NA,NA,36
TAIAÇU,355310,0.71,1.547351,6346,107.059,0.5927572646858275,0.01507537688442211,0.1457286432160804,NA,NA,NA,38
TAIÚVA,355320,0.76,2.048683,5562,132.459,0.41990351731479175,0.02577319587628866,0.17010309278350516,NA,NA,NA,43
TAMBAÚ,355330,0.731,2.420988,23255,561.788,0.4139461861057908,0.026066350710900472,0.0971563981042654,NA,NA,NA,39
TANABI,355340,0.748,3.589914,26231,747.218,0.35104882377030533,0.01957713390759593,0.19577133907595928,NA,NA,NA,39
TAPIRAÍ,355350,0.681,1.8028560000000002,7725,755.1,0.10230433055224473,0.018518518518518517,0.19135802469135801,NA,NA,NA,40.5
TAPIRATIBA,355360,0.751,2.509384,12940,221.891,0.5831692137130393,0.005154639175257732,0.211340206185567,NA,NA,NA,38
TAQUARAL,355365,0.759,1.371081,2815,53.892,0.5223409782528019,0.03125,0.13541666666666666,NA,NA,NA,42.5
TAQUARITINGA,355370,0.748,2.7561709999999997,57547,594.335,0.96825864201166,0.039805825242718446,0.3572815533980582,NA,NA,NA,40
TAQUARITUBA,355380,0.701,2.9717119999999997,23292,448.515,0.5193137353265778,0.025559105431309903,0.15335463258785942,NA,NA,NA,38
TAQUARIVAÍ,355385,0.679,3.775095,5968,231.792,0.25747221646993856,0.02040816326530612,0.10204081632653061,NA,NA,NA,38
TARABAI,355390,0.726,1.550965,7609,201.385,0.377833502991782,0.025380710659898477,0.15228426395939088,NA,NA,NA,35
TARUMÃ,355395,0.753,5.229148,15361,302.913,0.5071093020108084,0.01858736059479554,0.1412639405204461,NA,NA,NA,37
TATUÍ,355400,0.752,3.320274,124134,523.749,2.3701047639231767,0.030919446704637917,0.10781122864117168,NA,NA,NA,38.5
TAUBATÉ,355410,0.8,5.536958,320820,625.003,5.133095361142266,0.029044182362260165,0.13272311212814644,NA,NA,NA,39
TEJUPÁ,355420,0.668,1.750861,4452,296.189,0.1503094308026294,0,0.14285714285714285,NA,NA,NA,35.5
TEODORO SAMPAIO,355430,0.741,1.9004830000000001,23395,1555.803,0.15037250860166743,0.022988505747126436,0.09578544061302682,NA,NA,NA,38
TERRA ROXA,355440,0.749,1.513601,9502,221.541,0.4289048076879675,0.020618556701030927,0.46048109965635736,NA,NA,NA,37
TIETÊ,355450,0.778,4.385926,42946,404.396,1.0619788524119922,0.03650793650793651,0.15555555555555556,NA,NA,NA,38
TIMBURI,355460,0.71,1.651298,2647,196.79,0.13450886732049394,0.05263157894736842,0.15789473684210525,NA,NA,NA,49
TORRE DE PEDRA,355465,0.714,1.250512,2432,71.348,0.34086449515052986,0.10526315789473684,0.42105263157894735,NA,NA,NA,57
TORRINHA,355470,0.744,2.0407610000000003,10100,315.267,0.320363374536504,0.041666666666666664,0.17261904761904762,NA,NA,NA,46
TRABIJU,355475,0.722,2.376575,1752,63.421,0.2762491919080431,0,0.5,NA,NA,NA,40
TREMEMBÉ,355480,0.785,1.619484,48228,191.094,2.523784106251374,0.007731958762886598,0.22938144329896906,NA,NA,NA,42
TRÊS FRONTEIRAS,355490,0.753,1.849307,5856,151.594,0.38629497209652103,0.03543307086614173,0.23622047244094488,NA,NA,NA,40.5
TUIUTI,355495,0.728,2.000302,7058,126.731,0.556927665685586,0.018518518518518517,0.14814814814814814,NA,NA,NA,41
TUPÃ,355500,0.771,2.741294,65615,627.986,1.0448481335571176,0.043132803632236094,0.13393870601589103,NA,NA,NA,43
TUPI PAULISTA,355510,0.769,1.7786009999999999,15670,244.77,0.6401928340891448,0.009433962264150943,0.12264150943396226,NA,NA,NA,41
TURIÚBA,355520,0.751,2.0889900000000003,2024,153.235,0.13208470649655757,0.02857142857142857,0.2,NA,NA,NA,45
TURMALINA,355530,0.736,3.18498,1667,147.797,0.11278984011854097,0,0.16666666666666666,NA,NA,NA,49
UBARANA,355535,0.7,5.088311,6488,209.861,0.30915701345176094,0.014652014652014652,0.0989010989010989,NA,NA,NA,35
UBATUBA,355540,0.751,2.38268,92819,708.105,1.3108084253041568,0.02464332036316472,0.14396887159533073,NA,NA,NA,40
UBIRAJARA,355550,0.727,1.9662,4828,282.179,0.17109706959057905,0.014925373134328358,0.07462686567164178,NA,NA,NA,37
UCHOA,355560,0.721,2.218755,10191,252.434,0.4037094844593042,0.025280898876404494,0.300561797752809,NA,NA,NA,40
UNIÃO PAULISTA,355570,0.749,2.494312,1886,79.056,0.2385650678000405,0.029411764705882353,0.3088235294117647,NA,NA,NA,37
URÂNIA,355580,0.746,2.363522,9125,209.262,0.43605623572363833,0.037383177570093455,0.1557632398753894,NA,NA,NA,43
URU,355590,0.712,3.514393,1142,146.901,0.07773942995622903,0.046875,0.171875,NA,NA,NA,49
URUPÊS,355600,0.745,2.8591759999999997,13965,323.916,0.431130293038936,0.04,0.12727272727272726,NA,NA,NA,39
VALENTIM GENTIL,355610,0.735,2.477024,13732,149.741,0.917050106517253,0.016971279373368148,0.17885117493472585,NA,NA,NA,37
VALINHOS,355620,0.819,4.876826,133169,148.538,8.965315272859469,0.035211267605633804,0.1465459423205902,NA,NA,NA,42
VALPARAÍSO,355630,0.725,3.3427,27154,857.661,0.3166052787756468,0.028708133971291867,0.15789473684210525,NA,NA,NA,40
VARGEM,355635,0.699,1.270602,10842,142.595,0.7603352151197447,0.01098901098901099,0.13186813186813187,NA,NA,NA,40.5
VARGEM GRANDE DO SUL,355640,0.737,2.288207,43368,267.178,1.6231875378960843,0.028605482717520857,0.05959475566150179,NA,NA,NA,37
VARGEM GRANDE PAULISTA,355645,0.77,4.028268,54315,42.489,12.783308621054863,0.04048582995951417,0.17408906882591094,NA,NA,NA,39
VÁRZEA PAULISTA,355650,0.759,2.358508,124269,35.12,35.38411161731207,0.044221698113207544,0.16568396226415094,NA,NA,NA,40
VERA CRUZ,355660,0.754,1.314865,10804,247.716,0.43614461722294884,0.0673076923076923,0.18269230769230768,NA,NA,NA,40.5
VINHEDO,355670,0.817,11.999642999999999,81516,81.604,9.989216214891426,0.01881188118811881,0.13762376237623763,NA,NA,NA,38
VIRADOURO,355680,0.739,1.8419259999999997,19133,217.726,0.8787650533239025,0.025540275049115914,0.12573673870333987,NA,NA,NA,40
VISTA ALEGRE DO ALTO,355690,0.744,4.005536,9163,95.429,0.9601902985465633,0.020202020202020204,0.32323232323232326,NA,NA,NA,38.5
VITÓRIA BRASIL,355695,0.725,1.959064,1852,49.832,0.37164873976561247,0,0.3333333333333333,NA,NA,NA,40
VOTORANTIM,355700,0.767,2.549529,124468,183.517,6.782368935847906,0.03509479628882614,0.17305365066559097,NA,NA,NA,40
VOTUPORANGA,355710,0.79,3.1244,96106,420.703,2.2844144206245263,0.021546516310914216,0.18163511880789368,NA,NA,NA,40
ZACARIAS,355715,0.729,3.2979589999999996,2784,319.056,0.08725740935760493,0.009433962264150943,0.04716981132075472,NA,NA,NA,42
